"","R2","p.adj.fdr","(Intercept)","CSTII","CSTIII","CSTIV-A","CSTIV-B","CSTV","Ext.Participant.ID14","Ext.Participant.ID15","Ext.Participant.ID17","Ext.Participant.ID20","Ext.Participant.ID28","Ext.Participant.ID29","Ext.Participant.ID31","Ext.Participant.ID35","Ext.Participant.ID36","Ext.Participant.ID39","Ext.Participant.ID43","Ext.Participant.ID48","Ext.Participant.ID50","Ext.Participant.ID52","Ext.Participant.ID57","Ext.Participant.ID60","Ext.Participant.ID64","Ext.Participant.ID68","Ext.Participant.ID69","Ext.Participant.ID70","Ext.Participant.ID73","Ext.Participant.ID75","Ext.Participant.ID76","Ext.Participant.ID92","Ext.Participant.ID104","Ext.Participant.ID109","Ext.Participant.ID112","Ext.Participant.ID117","Ext.Participant.ID125","Ext.Participant.ID130","Ext.Participant.ID135","Ext.Participant.ID145","Ext.Participant.ID153","Ext.Participant.ID154","Ext.Participant.ID157","Ext.Participant.ID169","Ext.Participant.ID171","Ext.Participant.ID194","Ext.Participant.ID195","Ext.Participant.ID196","Ext.Participant.ID198","Ext.Participant.ID203","Ext.Participant.ID206","Ext.Participant.ID208","Ext.Participant.ID211","Ext.Participant.ID213","Ext.Participant.ID232","Ext.Participant.ID238","Ext.Participant.ID241","Ext.Participant.ID247","Ext.Participant.ID251","Ext.Participant.ID257","Ext.Participant.ID264","Ext.Participant.ID269","Ext.Participant.ID270","Ext.Participant.ID271","Ext.Participant.ID280","Ext.Participant.ID281","Ext.Participant.ID283","Cervix.VaginaV"
"Lactobacillus_iners",9.78106017596667e-05,0.797707402319179,-0.0166962533230438,0.0995181521319142,0.672307075489894,0.0331546528897015,0.108145176978558,0.547318032812322,0.0378925286313065,0.307268871850774,0.240088581229693,0.404711024684086,0.0643909603338582,0.243888031822301,0.204168245124435,0.284403160965224,0.25410544155917,0.143535928021716,0.230139896768935,0.0973470573731695,0.16888845406798,0.0354046198011552,0.167321909544451,0.116235738994047,0.029442810265815,-0.00315488848821254,0.155992348859375,0.262117897856742,0.119134781813035,0.334158951824644,0.0394001196018389,0.0961943438643404,0.295134377278863,0.107030317667807,0.309829726604982,0.185795695849552,0.160017901135694,0.260283195254733,0.0539050168889817,0.308814563575646,0.30099137726235,0.221399327270399,0.0242428147419548,0.273325827141252,0.0412088497283387,0.336757673207481,0.0127839587422271,-0.0627774319100776,-0.0368939331035762,0.233458552087501,0.170320430989671,0.0742845627294012,0.198393282853307,0.0549112320256654,0.326023132943707,0.204519455652864,0.131032981339852,0.0257502706941673,0.305471377407604,0.129548371437375,0.33130275188494,0.323860428815935,0.136867314441285,0.231455283302816,0.211545748676216,0.201819328530397,0.227160420331368,0.00896074142179455
"Lactobacillus_crispatus",3.17633977386978e-06,0.923141914191419,0.499435181300834,-0.26436411695269,-0.458181730506096,-0.445308228402348,-0.471563654652156,-0.392275453231035,-0.0129587209479199,-0.00356157431503154,0.0973448385345862,-0.00326427216346992,0.126447336132737,0.428133357968152,-0.0104212814108804,-0.0229080029194991,-0.0325224635106882,-0.0254473295044758,-0.0159560586427614,0.00503606597432441,-0.0446174872741433,-0.00710215898960764,-0.00762075393796855,-0.0231651751116668,0.497296247407302,-0.00509867135823194,0.433607830561552,-0.0150998342277172,0.000890170729797475,-0.0148380356573816,0.498511014104766,0.496519126811841,0.00890427692381831,-0.03730930058741,0.000320722061808893,0.0236282557949398,0.00746721222931303,0.198309212665143,-0.0193596226829931,0.0208636560277281,0.0320192798578442,-0.0166752438528338,0.491771423992681,-0.0124408459559203,0.12648339417419,-0.0146555000103418,-0.00910945936391226,-0.00714457019713994,-0.0233298431472785,-0.028079121497817,-0.0195214689083946,0.491006984905855,0.479803646208918,-0.0195500274559993,-0.032170477727445,0.0420651511144653,-0.0444609277591456,0.498786140684495,-0.0181058320022508,-0.021779799416562,-0.0235433483550287,-0.016109572036863,-0.00620218092987714,-0.0400609349831827,0.0326956312315002,0.0578249142014717,0.37496072091846,0.00113788172737382
"Gardnerella_swidsinkii",0.000152019813549778,0.887485487679203,0.458283449361113,0.0347086216365096,0.004344161937946,0.073288273859604,0.106523911669867,0.0160788342441446,-0.162540282541771,-0.42223991632949,-0.420306996663088,-0.44237275260479,-0.434977164515633,-0.431645257161075,-0.223867667315525,-0.435821384051876,-0.418637448342122,-0.337211444098273,-0.445589020244563,0.0531718258347701,-0.467162986467723,-0.134884286930109,-0.212200868953294,-0.410202630565874,-0.442973715020455,0.0601073458907404,-0.44607461335587,-0.445129495485531,0.0448010287481805,-0.461836573378471,-0.454598092465177,-0.427727189179147,-0.412276206704917,-0.429808665682571,-0.44174794573668,-0.171562874465078,0.0268124993902873,-0.317038621857376,-0.180015153809236,-0.412651639289221,-0.373408871160084,-0.376463855335904,-0.438022784455872,-0.378281871788793,-0.360203595454674,-0.460668011893382,0.0239901452330675,0.0628995425795145,-0.488721436656239,-0.420668401891872,-0.460246080249674,-0.450649729915932,-0.412821198921955,-0.386650412629913,-0.438090129873858,-0.435881290402686,-0.438175962866674,-0.459992796337119,-0.400301912434127,-0.442000282504098,-0.420546819076468,-0.424233830980336,-0.415099158102829,-0.465001287809636,-0.408783749536917,-0.00421887161557432,-0.387669719818233,0.00642644113719184
"UBA629_sp005465875",0.000216276629726035,0.819472070663857,0.16178821697723,0.24846836238741,0.0379316508891492,0.427383325527657,0.164807641506916,0.0551251544327212,-0.320269699725397,-0.185701196866696,-0.19374805704643,-0.251687600141052,-0.215756987001774,-0.142630217129083,-0.322545421352765,-0.0164066503438856,-0.120223352272434,-0.181174915255928,-0.25711169338646,-0.32218334526355,0.0242402101866868,-0.324009497676597,-0.320915918214392,-0.323934973907595,-0.163214714665335,-0.0998405712810935,-0.120053264794703,-0.107701771597523,-0.323541604515338,-0.226936911846215,-0.158633056870563,-0.145261350694493,-0.196458751505217,0.0357479945296258,-0.15094835358944,-0.287506214320879,-0.318906430482064,-0.158243713235688,-0.318690661301519,-0.170121726104563,-0.184607966774903,0.0765062283494441,-0.161362552261216,-0.156272532198619,-0.0296524282730479,-0.318671687474422,-0.156646099899997,-0.317790798872572,0.195151644741807,-0.0755291314077115,0.108386148794564,-0.147796032631288,-0.154652124903204,-0.321767048498182,0.0141783926530826,-0.195397503675216,0.061397060049058,-0.163895198499636,-0.0830172866323292,-0.065938641440951,-0.192828275800614,-0.197496772780641,0.120466562783885,0.0230283820706556,-0.17173750684485,-0.0622821938753421,-0.154773314357313,0.00741693191375575
"Gardnerella_vaginalis",8.19807213616413e-06,0.923141914191419,0.147963057577361,0.0643496684532496,-0.0240194164204118,0.173946315871477,0.226212088975104,-0.0263675138420892,-0.0123480098652301,-0.0794498421825417,0.160102509702675,-0.0382135591765261,-0.0829459734047795,-0.113856400656349,-0.0614389830517987,-0.0958905464801009,-0.142861963321867,0.0229939116244938,-0.00757644529316333,-0.0258269689738405,-0.235924966573653,0.0802881070452511,-0.159324260516702,0.112090458392659,-0.133643404461616,-0.135664787198534,-0.0974268384167316,-0.0584793261119404,0.0750080560298925,-0.194514159887672,-0.143034568131203,-0.141170675960201,-0.0782748323321846,-0.187382706502952,-0.0507904695895338,0.0232848145652387,0.0691108087794421,-0.0526038412433965,-0.195748512655631,-0.0774072186109308,0.0172824216242443,-0.0907354753669381,-0.13787116079599,-0.0540450139928087,-0.200518864884624,-0.26538133484502,-0.121599651000183,-0.180084783803009,0.0942761544821284,-0.122972543517725,-0.179477818856814,-0.138051445201596,-0.104537562098008,-0.0943457400791086,-0.16083888558962,-0.0739334959500764,-0.212553973979143,-0.143322855818634,-0.169151013844344,-0.026907952330429,-0.0840396870739845,-0.0898675576341329,-0.116835801675383,-0.137182120585909,-0.0522818005132184,-0.152878547481358,-0.119190485894128,0.000643600517871763
"Fannyhessea_vaginae",8.15773262655019e-05,0.922418557645238,0.00501573682937636,0.0932182936665252,0.013696115824929,0.166552348617663,0.183052827776086,0.0322401738366683,0.197672884633602,-0.00339736456504994,-0.0120068927574026,-0.0125671569856983,-0.0194156282319599,0.0147283108225565,0.159316131735046,-0.0338498667109495,0.13995253638661,0.0800990274401595,0.053384126347794,0.093492835440388,-0.0510163485510253,-0.0104977993182344,0.109564105278098,0.0248530723402983,0.00311664838273215,-0.0467899455609674,0.0179616794264807,-0.00465964673841007,-0.00941465623905379,-0.0347004175209563,-0.00235825753713464,0.0145362707380849,0.00326992372252868,0.109024074617048,0.0063345296612827,0.093897003973164,0.0507891768197195,0.0179825835520666,0.0225022276355305,-0.000663907155011884,0.0238610859557837,0.0235150830584372,0.00424807737910973,0.0382647510575195,-0.00320736832622184,0.26594544611356,0.116980232386398,0.126915948754842,-0.0140330820862394,0.0658039314717735,-0.0971689209672875,0.00101399816438443,-0.00387416527920308,0.114772249175534,-0.0500901017446625,0.000141635505409545,-0.03788062501542,-0.0044682487219485,0.0690221942859676,0.0846342724373214,-0.0127631221325651,-0.00391059038871008,0.00913323406517364,-0.119419411127275,0.0213128264127066,-0.12667611542383,0.00366239883386702,0.00286438190240553
"Megasphaera_lornae",0.00142409770134839,0.240071833270284,0.0616037421427003,0.0894639405303649,0.020818619984837,0.233902001484062,0.196575806271498,0.0384471553531849,-0.0440515740630149,-0.0685128863254604,-0.0751995284529601,0.0347363639374921,-0.0988297165369811,-0.036794229911439,-0.0668508264942681,-0.00430949855285488,-0.0110531622980679,0.00622640650928487,-0.0808099397972959,-0.0814755032642987,-0.0297655516815312,-0.0398717778405956,-0.0635016755308225,-0.0565915460495853,-0.060285805882683,-0.0370652152845718,-0.0433929167500946,-0.022160614161686,-0.0468171601340256,0.0435876926763149,-0.0567362727826283,-0.0511236166121016,-0.0651385697855784,-0.0227402209953187,-0.0559964534684272,-0.121161352182866,-0.114193573907116,-0.0471725282019469,-0.0752907638759045,-0.0624842066637174,-0.00319957717190876,0.00236097857469037,-0.0602010999231224,-0.0396879419405566,-0.0748975500999475,0.0500209400350323,-0.0635623692129758,-0.108811391487371,0.0201872345316667,-0.0595678022217218,0.0325573644230887,-0.0570341419776867,-0.0478097448030644,-0.06991627022072,-0.0376883240458336,-0.0738878895105032,0.0228632236515846,-0.0660516037237228,-0.0422238265585419,0.0556416547335969,-0.0777655136007564,-0.0772527048552898,0.02735530896025,0.00420837282941032,-0.0541878243299898,-0.0156704703329536,-0.0581223776685599,0.0142313029225017
"Gardnerella_vaginalis_C",2.62543195358866e-05,0.923141914191419,-0.142725825149655,0.0652834455314859,0.0195360071376159,0.170550517310817,0.237532908837136,0.0436549570289132,-0.00630385499647938,0.15170869977796,0.15500560676038,0.0764898246768456,0.115993011589932,0.157207999739493,0.13284768117289,0.201973636785994,0.248382085071523,0.490539795686026,0.294839075530341,0.0109845644126117,0.0418023658736181,-0.0167578343502008,0.22113487087553,-0.0229369039440108,0.151135640673597,0.0338115703196611,0.152068190344808,0.172856677595452,0.0114855190271349,0.117337565409454,0.147205015727347,0.168134376936914,0.151585513803047,0.134978006851595,0.150002325159548,0.0342792803237927,0.0109706081516458,0.164556868840015,0.0119626102133827,0.149333582157709,0.189381865536802,0.198915884914985,0.149541286320014,0.207596450267056,0.0111829031611238,0.201538560803846,-0.00748004907165357,0.00388388186073397,-0.0480700153576197,0.0901178959563537,0.219017343393141,0.151800673471026,0.14974396840736,0.415497214392701,0.074054999626875,0.145769896776448,0.0788931684519826,0.145045848615717,0.240588335727235,0.280257162383885,0.144609684468445,0.137073937686539,0.219121741825305,0.247294672905503,0.155008747462337,0.0714849685729814,0.161883633164059,-0.00269318654117344
"Gardnerella_piotii",3.31489415736323e-05,0.923141914191419,0.000844132280552858,0.0468714064824045,0.00490616448435462,0.138823854176588,0.16203128675588,0.0228149539340446,0.239557655783318,0.0175141511127835,0.0763460274193213,0.141362159883839,0.0282332178780153,0.0270603016368467,0.00737749560523436,-0.0465257342904115,0.0396741456745507,0.101956711418683,0.0040655847914324,0.0757958234903806,-0.0706189535649517,0.236003144921865,0.135119962993304,0.0221704329777754,0.00916851657629378,0.136607343682857,0.0234758604141646,0.0468472640512816,0.131264371319245,0.0415936214537709,0.00238773670070847,0.0136935369044195,0.110343313007931,-0.0644940078210837,0.0536525674202626,0.255657402304395,0.10721980825897,0.0516046527327983,0.214022849344235,0.0291768343188433,0.0466341307173642,-0.0449897476051607,0.00973033632513893,0.0381901628363158,0.0265357468003215,-0.0469375648901147,0.097265478535522,0.0635488854278945,0.176696570624078,0.0238182910297948,0.00765690864805325,0.010807615294478,0.0207366803569466,-0.048876769361123,-0.0364653589305216,0.00832663811634829,-0.0814087413351706,0.00165065458456949,-0.00531289067715503,0.0973076773954217,0.0248243211241831,0.0239237546339536,0.00592514536104538,0.159742548902371,0.133101720595318,-0.056326041229883,0.0455657108021492,0.00165646488887339
"Lactobacillus_jensenii",0.000433699695206243,0.598141209469784,0.00687493363041519,0.190759320642655,0.0011317435748343,0.0168873121698879,-0.00162785307162441,0.133319751055808,0.00800177497406837,0.128864184137508,0.0255220917022834,0.0213704645857872,0.598819898397818,0.198232449331868,0.00224052930226715,-0.00118560538938212,-0.00644900828069291,0.00519774024434157,0.00565314116120934,0.00214212319533489,-0.016574708353256,0.00163002996402439,0.00185500425683832,0.0132820245866899,0.00470702769189632,0.000370067488230903,0.129842133067089,0.0125726425089833,0.00156247906185482,0.0012684550727754,0.0200959773866093,0.0325322043931982,0.0238227540762815,-0.00950711221739664,0.00962766132204462,0.0567779238373322,0.0179296093012783,0.308052209681692,0.00288898468308316,0.041204408310111,0.0594869450814757,0.00515893157282756,0.0521381081017485,0.123981826477303,0.0186311506237117,0.00499960779231866,0.0190051137280716,0.000271870955332399,-0.000800198961702738,0.00320759148854425,0.00498522416520528,0.0693727898860106,0.0219656405568009,0.00116422704838856,-0.0102554479310752,0.47015141543088,-0.018171631940871,0.00542661087276518,0.0108005639405908,0.0145992904690162,0.00647325116867912,0.0296134240961762,0.00910521006264279,-0.0103068754732439,0.339339786015929,0.0332917469131817,0.38325884136137,-0.00616071222823365
"Gardnerella_vaginalis_A",0.000476522213332333,0.691996650645457,-0.00144848127521897,0.0436710069522004,0.0106514030591697,0.0491391158156021,0.119551895318895,0.0304415936070168,-0.0701409689218835,0.0275807178107241,0.0328472720584381,0.0247847038628814,-0.0125367703991752,0.0204956367627802,-0.0226456583269617,0.0705843152832523,0.0763789420877179,0.0383584156495053,-0.0209791977566324,-0.0435126537783402,0.0236511706351677,0.135812722544154,-0.0283896703013523,0.281334560512534,0.00835501886502427,-0.0553483371307669,0.0161990137353054,0.0247654915634692,-0.0668255903225191,0.0437974703599814,0.00446044082733298,0.0118512410823119,0.0113993438710285,0.192098529111182,0.0433500743308459,-0.0290334194321588,-0.0528126448987625,0.0291385159482647,0.0935712148594027,0.0222252293970441,0.078631875956861,0.215118600509847,0.0097441181474612,0.0441594733156448,-0.0338827954318934,-0.0798705222445959,0.104133137437493,0.0804572592241134,0.283557193418924,0.0251839663086622,0.0897350069293818,0.011659046692,0.0257146075352521,0.169229549766104,0.170431212350006,0.00021677244056382,0.0165170903845773,0.00607001505700084,-0.0168449047721252,0.228117512529857,0.0133396916470009,-0.0037166252977764,0.104519764857094,0.135339136917696,0.025391548169231,-0.0441904657334717,0.016912542717545,-0.0072672635969952
"Gardnerella_vaginalis_D",3.37466065688144e-05,0.923141914191419,-0.111502659836742,0.0746248327093894,0.0424939912597191,0.179878329132811,0.187745714636937,0.0494636590820381,-0.00876749381837063,0.0777083200678624,0.0867297515052109,0.0936417426695896,0.0729909307041675,0.124163730161293,0.0086004746993279,0.158274401075335,0.261271995638527,0.228079831582555,0.0905591352674126,0.00848538291793048,-0.0315322933300378,-0.00819811160458118,0.130100824817745,0.190034026181864,0.114611375890584,0.00571378336353422,0.108922221622966,0.235362571555674,0.00054540521813023,0.330938608229116,0.12227056023338,0.154403962014603,0.0839320725482237,-0.0218113416455694,0.089532650403988,0.0132427630789293,0.0126391729288146,0.106057670550007,0.0191068883081621,0.0860352539648352,0.082403065037811,0.00472062727779355,0.118196187816174,0.0980010905535176,0.306504630532893,0.0868530613398103,-0.00456597375799247,0.0102976117215002,-0.0303933349386474,0.0397739589404553,0.110485127061769,0.118635336462514,0.100908339338901,0.000163836729832552,0.280782916754281,0.0802034167105912,0.205722599330836,0.111285352515733,0.212469156660253,0.134118938304958,0.071948781920527,0.0715233684305921,0.0152075215699768,0.273901512457368,0.0889525289807224,-0.00986973657830503,0.125191612255562,0.00100482793159641
"Gardnerella",3.72358740787797e-06,0.923141914191419,0.0687332337675367,0.0461702529046033,0.00667777705695918,0.104342122597215,0.141431410155758,0.014744058550875,-0.0247030466510704,-0.041830028684808,-0.012325375905346,-0.0607474332470375,-0.0506064171898085,-0.0389586897464646,0.00402457680312458,-0.0211849893042321,-0.0206798401531047,0.0696374757321966,-0.0018774945729418,0.0210252887844109,-0.0800182971592809,-0.02024540675229,0.00290020974723524,-0.0267793658723882,-0.0551848415753315,0.0217462374640631,-0.0478574296706593,-0.0173305198129589,0.00509260917787052,-0.00023662424410497,-0.0621532227889668,-0.0493093219875398,-0.0268868095069385,-0.0529086806735998,-0.0340662482788307,-0.00262792936091268,0.013085685573373,-0.00506883320775684,0.00964044709003102,-0.0438474771324321,-0.0107872234513167,-0.0186938196882077,-0.0484436926735475,-0.0189323788323608,-0.0279697693029366,-0.0955544844812683,-0.00682281081324731,0.0228010864210349,-0.0867796182800357,-0.0419748686438122,-0.0411606257451792,-0.0556800064275865,-0.0434380856330302,0.00153629240222226,-0.065371964916855,-0.0392395407043498,-0.0694834867085723,-0.0625712556110222,-0.0124825236492408,-0.0164918983012694,-0.0484465435117019,-0.0504137263477204,-0.024538758029297,-0.0275233317934013,-0.00849825621127425,-0.00114558389774406,-0.0367746661108648,-6.02772146737219e-05
"Gardnerella_vaginalis_H",2.04146414860061e-05,0.936636740597137,-0.0664152555259827,0.0386894997577912,-0.0111051565378764,0.120967619826971,0.128309193449355,-0.0108610175377294,-0.00799876125638405,0.0906379178156426,0.111682425002315,0.0459983464750752,0.0866671886513895,0.0742882641912094,0.000945850581605942,0.0173177911347991,0.0100547524874341,0.163740987291076,0.216728874398772,-0.000414588510029312,0.191908926637001,-0.00544249132698104,0.032579723799584,0.280788478919386,0.0711628548073721,0.029728585479497,0.100388341603733,0.0752773923266663,0.00438964984332656,0.250576445308091,0.0688741764551892,0.0556941902281347,0.0967737494165431,0.23454232917751,0.0954045168180599,0.0217729864032655,0.00531424874340521,0.112697880139689,0.216670799639423,0.0921591996717615,0.114372932220864,0.0695951145539679,0.0725717845136219,0.108871493080631,0.0462405267383464,-0.02077196067207,0.00307734944992133,0.00532844179332709,-0.0260097117189255,0.182308915968614,0.076047001695692,0.07083963971118,0.0741381744599688,0.120031699949599,0.0883999209575216,0.105212464054584,-0.00637232091872299,0.0686953066718822,0.252426891083992,0.0470887109229696,0.0820610959258185,0.123713917825491,0.168083581821043,0.0204299235102888,0.141067005133925,0.142200290550589,0.0779656284482352,-0.00194066285295715
"Gardnerella_vaginalis_F",0.000218222899410525,0.879181324725879,-0.0564118281250897,0.035116709981664,-0.0290146891799144,0.110519269998728,0.142736837155845,-0.0113421006185873,-0.0223658982502027,0.0916605966278832,0.101852385407367,0.0877759063673016,0.0757546791371639,0.068164498121123,-0.0109619293957612,0.0154650710574735,0.216033991428889,0.174321984240347,0.0974803809221315,0.0056848515130712,0.0198188012005992,-0.0225119504620535,-0.00831470545595108,-0.0138043939822865,0.0587212952614965,0.03695533110485,0.0965955813293015,0.250751449065888,0.000447355496456249,0.212611354158646,0.0618063199540738,0.054815762280876,0.0988132718390559,0.000940742390831269,0.105842714398669,0.0159258574551494,-0.00476007237813939,0.0999987770046589,0.00909208794939322,0.0964305526831607,0.0815357148615791,0.00278624224445597,0.0606050693233197,0.119710281418719,0.148824019148695,-0.0453231897947198,-0.0122313622948994,-0.0104736235663978,-0.0293222440992833,0.183042682386052,0.314208743932761,0.0649588610695092,0.0467455106016834,-0.00621960132629115,0.00741576391768785,0.0869513797574982,0.0093878126269476,0.0556151972269751,0.0975498177332002,0.0530717376493893,0.0875360962608855,0.0892475774197237,0.250486213756563,0.331437741253917,0.109379238780514,0.00133460588388548,0.0676905717241098,0.00333024958342426
"Gardnerella_sp003585845",0.000202954749710009,0.790732406573991,0.0760441567446307,0.0265731635302558,-0.0012183484486533,0.0508780253479099,0.0858827299497776,0.014593888887798,0.00444237526588102,-0.0636164138364678,-0.062989356697274,-0.0693874472048811,-0.073029564523534,-0.0647592084781494,-0.0495227725433852,0.0127222583941287,0.024889856036996,0.074449666438478,-0.0721512211899146,0.00525296148365534,-0.0692096690623605,-0.0469509310129835,-0.0383947011917059,-0.0839819458814665,-0.0714874192877417,0.023020545868031,-0.0618832119060737,-0.0647152515641903,0.00229384721403126,-0.0628747006060288,-0.0743996751610431,-0.0656549635265494,-0.0497021491542191,0.0402691093143003,-0.0635207678720972,-0.0438048987626874,-0.00574710365462913,-0.0295480395577729,-0.0386372955068355,-0.0514794582182472,-0.0454393876910671,0.0972845576745413,-0.0679311411390673,-0.0193767263923334,-0.0299370116832878,-0.110455273148513,0.00102378822791717,0.00505849033850401,-0.129766359955494,-0.0387378224467695,-0.0371575940581703,-0.071885544696439,-0.0628855882401168,0.0663357798409903,-0.0872462883892627,-0.0730917260285091,-0.0231491232421562,-0.075925034914739,0.0414287867809992,-0.0182387045487393,-0.0697246733289415,-0.0707668317102838,0.00618172247052915,-0.0699574892695475,-0.0459182285522039,0.00683721319919002,-0.0553833600300324,0.00300727012872205
"Gardnerella_leopoldii",0.000331031522029089,0.748157355418081,0.085533273604996,0.0338240353668508,0.00234894333688933,0.078441971860635,0.0938754547724752,0.00653754398934383,-0.000250857284307472,-0.076276171187125,-0.0711283279501071,-0.0802365340065476,-0.0420809650817924,-0.0721970478753663,-0.0368024197135534,-0.0912702867579845,-0.103595141752829,0.0321476909463344,-0.0804728556777884,0.0360242511187257,-0.106517322541341,-0.0442524911171164,-0.0633500142556055,0.0162363831152841,-0.0799814660278664,0.0309126960139728,-0.071121463627463,-0.0910528515587082,0.00236632583605128,-0.111289443988057,-0.0824804586829834,-0.0866818754884689,-0.0317280232079581,-0.0908701780661757,-0.0681018486369606,-0.0454895571449022,0.0091059073903511,-0.0354944312903585,-0.04978271478074,-0.0700356818185222,-0.00851035985548815,-0.053127977664257,-0.079863175702314,-0.0532905204909144,-0.0103804515717488,-0.0807123786382471,0.000139896968255085,0.0134908144675837,-0.145799080578728,-0.0559864577579713,-0.121350248991016,-0.0804030348682089,-0.0559163968892868,-0.0330781225396982,-0.0752821240905801,-0.0750822750847866,-0.0835194476076976,-0.0853363044298971,-0.0935273667227781,-0.0859204038446526,-0.0821667933068266,-0.0809288953279969,-0.0453550303902318,-0.11812797222191,-0.0476982243491619,-0.00376814606978811,-0.0638608824222885,0.00369894301966461
"Escherichia_coli",0.00925675831935307,0.306169902704556,-0.00441977159698622,0.0304296839078204,0.00688880938411611,0.00688213102451188,0.005376283481291,0.0211399537231099,-0.00147810484295907,0.00528361519541187,0.0040266160622687,0.00198360204331832,-0.0152220498530456,0.00615468718093011,-0.000734785126291125,0.00997407893318352,-0.00217049842375286,-0.00214373412031268,0.00210687162993423,-0.000900286130727585,-0.00111792828433935,0.000314345130371712,-0.000844550676009678,-0.000335106221190188,0.00555512247219786,-0.0012286111306592,0.0080132113743382,-0.000582933039476246,-0.00135481930742491,0.00010856259917422,0.0100740035191853,0.012297146230264,0.0118075146028796,-0.00199209991992173,0.00227927115365565,0.0043604882336589,0.000745829496092161,0.000674336637631616,0.00432467487829521,0.00339044210044374,0.00650397925048038,-0.000553409175737248,0.0124848467963977,0.016674261999602,0.0190457642883259,0.000778752200039525,-0.00124713692466732,0.00349903893907216,-0.00113682283203328,-0.000608079922349273,-0.000310321265422681,0.00872298248694111,0.0150045826143117,-0.00106995044857084,0.000205157323943329,-0.000324312941191789,-0.0024399420962855,0.00409812424879564,-0.000507702102578306,0.0101270503663119,0.000140665148631359,-0.000579302075220542,-0.00144603047537382,-0.00113204200619785,0.0058723678718684,0.000770546249464935,0.0050502105246634,0.00203357342988344
"Gardnerella_spNov2",0.00167666368560953,0.462968171817182,-0.0312179307100418,0.103933152279883,0.0104224892018574,0.0422022108335037,0.0484776142791808,0.0148125167306213,0.00298991273797578,0.023093450746217,0.0243205085995466,0.00919281536776837,0.0159178979913336,0.0315417849965535,0.00691200090023616,0.364120047354329,0.0100575034034137,0.0332242789953536,0.036876665204177,0.00121986054697789,-0.00272508811104123,0.000448095085753942,0.00610416107919964,-0.0013174276691054,0.0291885371270399,0.00119537668620881,0.032047054297972,0.0218254974694235,0.00323807983241718,0.227313803340089,0.0314635908738138,0.0257676018539374,0.0216548506048938,0.00119220789917774,0.022551336858982,0.00490724999437323,0.0117141986693482,0.031316685006869,0.00784646248310172,0.0252253120658131,0.0565804323469893,0.0137054126005935,0.0285004269496898,0.0249992081185783,0.155751909005595,-0.00580235121698487,-0.000368559518575921,0.00496167230228863,-0.00880977830937696,0.0185747882021963,0.260799559493087,0.0301348706921642,0.0382876277714084,0.00784045381693608,-0.00105976286259938,0.0236078165381947,0.298604286182667,0.0277976225940658,0.0685957453257456,0.012622478358297,0.0197634414002484,0.0188990544743609,0.00286814396337558,0.0139576730616953,0.0262496811073253,0.00328784780057697,0.0329046922940709,0.00703539154297013
"Prevotella_amnii",0.00181271139902342,0.453866076262799,-0.0163252907240336,0.0707030712999524,0.00694060299056872,0.0863359872002514,0.0963474841948173,0.0194969246787101,0.122182789685963,0.0410684858289248,0.0412359774470799,0.0376585355995665,0.0137565536749866,0.046920040108257,0.0394697812524923,-0.0560380115187334,-0.0237291317832785,0.0454250219398433,-0.00444185177636776,-0.0559086186154299,0.0991149701336522,0.113245036191762,0.048422437096305,-0.0449626938987339,0.0290131745400579,0.0125685618939765,0.0421707685552989,-0.00533190998584132,-0.0623941342992419,-0.0455508313690034,0.0182445411217613,0.0141091880140738,0.0318067133645703,0.104413816465117,0.0383498832524983,-0.0277818667600137,-0.0471699829938838,0.0377875431461852,-0.0194112132512427,0.0347085408707531,0.0854065507640712,0.0762657803893054,0.0333434422745083,0.038902819477814,0.0471329152729933,0.202302189837837,0.0760707776610158,0.100895753794911,0.0260068962000866,0.0606148812168308,-0.0136987364366755,0.0309291196312656,0.0533480299569347,0.03086571398003,0.016861018988827,0.031506013286761,0.0507697323269083,0.0264531025738586,-0.0230265556979348,0.101159675218942,0.0211701482209595,0.0274179092425918,0.0759363643847019,0.0167474895699239,0.0540036377720006,-0.0232727687165013,0.0323064904066329,-0.0090412709349283
"Trichomonas_vaginalis",0.000965819849761398,0.581270031765081,-0.0104335011377199,0.0132715361661579,0.011869566105189,0.00670151713932744,0.011679405768083,0.0132379575788027,0.000129895166838932,0.0139920867712014,0.000285957625143909,0.000229290532693832,-0.00177816283587266,0.0114597947429298,0.00011182220058591,0.00323378270023167,0.00254511219901901,-0.000409771362259263,0.000687263275432752,0.000482614783402043,0.00548399313032985,0.000691127285760308,3.51302330354659e-05,0.000212863675745866,0.0114597947429297,0.000746003237582546,0.0197164776776643,-5.0330239177749e-06,0.00203512223217096,0.000813030190579641,0.0104335011377197,0.107648256414185,0.000164998164213227,0.00490029413239518,2.06899241705947e-05,0.000296693774138355,-0.00048292315246547,0.00495478277404704,0.000184097679106456,0.00100685165608901,0.0108903927484116,0.00111490458351282,0.0146362325259856,0.0142762395309942,0.177844856264451,-0.000144984427644295,0.000738686153803264,0.000459066371365044,0.000437661136787942,0.00228291761550706,0.00334928389277498,0.0111176968745263,0.00878787068932612,0.000685346751185195,0.0039079498900913,-0.0014360649674693,0.00600428345282088,0.0117174563366166,0.00518457280216604,0.0365293114553749,-0.000751869230662769,0.00047899283016134,0.0208105146297429,0.0143045452567858,-0.000409771362259444,0.00195922700859789,0.0118018926113331,-0.00205258721041987
"Nanoperiomorbus_sp004136275",8.13971058787922e-09,0.997598278346353,-0.0358623705785747,0.0613908458287314,0.0306326984805952,0.0353087075507173,0.0452541740947932,0.0512654265933173,-0.0045389701673421,0.0187215095161595,0.0145939162724401,0.00303634496734919,-0.00802146475450938,0.0472694253271045,0.139849106302628,0.0137731985042768,0.148973683046817,0.0148977206881981,0.0164103927250946,0.00393815558131633,0.0724768777110767,0.00960799204283963,0.147935148313383,-0.00487308565490743,0.0415388131549878,0.0302696164235962,0.0375551687015279,0.0188846291612003,-0.00463988037130921,0.0766148649383106,0.0389788605442709,0.0595496094512313,0.0204197890110128,0.0122226519304528,0.0155990084791407,0.00488578077375371,0.00684256225370855,0.0240273711372731,0.0486539965793982,0.0191738054223395,0.0298058592565888,0.131666830093474,0.0427947216303274,0.0329136888493428,0.0778795460986068,0.307208389598852,-0.000218590609357233,0.0225414677916958,-0.00427995204095807,0.0392436198196942,0.175002236244993,0.0397744183580073,0.0383509529152631,0.0480669865519872,0.182818137292946,0.0143392550769507,0.127183058903165,0.0385638416899605,0.12024614138606,0.116656165373708,0.0107696250621017,0.0120826863335935,0.114733359975647,0.050852689613817,0.0183202355067073,0.0125459715516359,0.042214039481711,-0.000475045112781963
"Prevotella_spNov3",1.8733158416894e-05,0.92360982129959,0.0954441853329091,0.0654815459017473,0.0183655472438874,0.0921182134850811,0.0652148732563808,0.0309418935066078,-0.126898925156421,-0.100879120638003,-0.109794867248548,-0.0987059779669532,-0.120768260999033,-0.0859261490478015,-0.119436461202611,-0.138017091497303,-0.0820905271533562,-0.102846487312652,-0.123444945581845,-0.120001467439229,0.113879749361371,-0.132238814874994,-0.126015300107496,-0.112960946710322,-0.0923688921826909,-0.0768333908288218,-0.0839486307964895,-0.094433177285459,-0.00452062160924744,-0.0513009197678055,-0.0939199455069875,-0.0925254536738919,-0.106684176553027,-0.138659949971441,-0.100647122955279,-0.10709792705843,-0.0403666980183282,-0.0829180625130484,-0.0140388030996225,-0.100480581079608,-0.101932133801877,-0.136000371634414,-0.0913341008815059,-0.0750520942434787,-0.0692636468663111,-0.123768671976867,-0.100117938880365,-0.111711983096188,-0.0763186298510578,-0.0664577792614562,-0.0598244792863761,-0.0905340726518671,-0.0869113962673466,0.0124973654869564,-0.0378839908122924,-0.1138097325768,0.0467055958612708,-0.0941416679063946,-0.0884938423506118,-0.110501174997768,-0.105863370748356,-0.112063993409814,-0.132317437176532,-0.0562442146509533,-0.0990777036191459,-0.0788254715765551,-0.0891816675327133,-0.00110333561986566
"Berryella_sp001552935",4.44786583424256e-05,0.923141914191419,0.0797925082703585,0.0250720079458826,-0.00829598965334316,0.0793193585562978,0.0774499345490548,0.00215400010275699,0.0249629227759529,-0.0629338224288727,-0.0655392428267803,-0.0400714786684023,-0.0772284397881627,-0.067855219231393,-0.0329244674476364,-0.0181289449539482,-0.0637601572079467,-0.0338193434138756,-0.0813234286429933,-0.0820143733176125,-0.091950194692213,0.00054310992160098,-0.0814704717562904,-0.03023502645785,-0.0760725046347416,-0.032442996221409,-0.0618893156469583,-0.0762109277380858,-0.0705989954139075,-0.0801021674727473,-0.0790543495251487,-0.0781170743825666,-0.0655068720676714,-0.0163624871334362,-0.0632243959810252,-0.0275426634301956,-0.0432660285270401,-0.0575186871490654,-0.0790061032237571,-0.0645048230686563,-0.0486884184448326,-0.0328058197361348,-0.0738240491458482,-0.0339655635957951,-0.0416820261175296,0.0122150267437487,-0.0746592284284322,0.0222357294078363,-0.0985485780905317,-0.0403781773127775,-0.0155397160576705,-0.0765886644274498,-0.0690777933375663,0.00394214539845982,-0.0935163301163811,-0.071496518617019,-0.0849602363789176,-0.0782224720350231,-0.0965520224033732,0.00174320954479414,-0.0666701237436034,-0.0656543444488525,-0.0733229143861721,-0.0974177131361585,-0.0514224384730725,-8.59605216317766e-05,-0.0736745470982696,-0.00161769138657306
"KA00274_sp902373515",6.14273926769424e-05,0.923141914191419,0.0713754024062568,0.0236602646845784,-0.0154099578794551,0.0495188390347493,0.0438904741729079,0.00241869791721036,0.0242309659757474,-0.0414407953791637,-0.0469377498596405,-0.0539795254240978,-0.0645154637459219,-0.0623093856072126,0.041849974675421,-0.0923790537110732,-0.0492017973953441,-0.0291049979803002,-0.039868143849263,0.0738829698731049,0.0390151090866213,0.0263600658438857,-0.0687136935012231,0.0961598478383212,-0.0624865742933918,-0.058909492784862,-0.0519117620177893,-0.0686886992369654,-0.100445623858628,-0.0777558156114762,-0.0702775906250359,-0.0651785596557074,-0.0424612505352787,0.0479024535650328,-0.0457444367347651,0.0111924537618733,-0.0312855778744198,-0.0463398872265777,-0.00509408449796521,-0.0451068260273925,-0.055769045437723,-0.0127649078557726,-0.0634213896016317,-0.023867799817359,-0.0527899820101429,0.0565305477871536,0.00801718773085979,0.0810939594943362,-0.068519684223563,-0.0202856182046139,0.0129702308661719,-0.0685787473790599,-0.0661257528812291,0.0585659371227282,-0.06643096982781,-0.0559654445268052,-0.0266141680379617,-0.0690918595925438,-0.082164815004219,0.00243307088720244,-0.051039868295029,-0.048625168226863,-0.0360347148177461,-0.0904658118887973,-0.0293158126318305,-0.0329905021410667,-0.0661378352158276,-0.00181835066110044
"Aerococcus_christensenii",0.000124129737864351,0.790732406573991,-0.0130670681910287,0.0438096542572314,0.0545690583194025,0.0631217697531038,0.0817849544611061,0.0433071270114271,-0.00841236488012245,0.0172106062462567,0.050554793077276,0.0441249432868665,0.00733764575573109,0.0354359817835348,0.0265907844142458,0.0348926943583014,0.0703064262760744,0.0269583644873367,0.0270847447050843,0.0276836134461478,-0.00540379491175984,0.01856097812898,0.0815093957519507,0.0194733703739401,0.0177357174105188,0.0239659367333525,0.0217771420707902,0.0482248409705831,0.0504739937221072,0.0413972894108453,0.0159174887796699,0.0245145045401318,0.019054574194077,0.0084337901564127,0.0244324763872927,0.0378827350192562,0.0408010420907804,0.0786174771664542,0.0732930000298641,0.0151510758291038,0.0416180014567708,0.0347285824562126,0.0206171648284506,0.0219034226234768,0.0396907095774286,0.0258758045219243,0.0434187707685178,-0.015087991929564,0.0341554440392781,0.0387467098052686,0.0202125446998553,0.0202780773969705,0.0700589066370041,-0.00516449442140115,0.0560184678641463,0.018614152839605,0.0161875416004608,0.015099906330307,0.0173281107191816,0.0223561405269818,0.023786463736627,0.0145618050015472,0.0601505397238262,0.0636224749298178,0.032209710443521,-0.00144006140953737,0.0431664794934965,0.00160147014089428
"Lactobacillus_mulieris",0.00137411351471959,0.509583311272304,-0.0180759898707157,0.249980584284124,0.0330348621899051,0.0195724000632364,0.0227822233107292,0.0912270655710786,0.00660542244934523,0.236202824554171,0.0150621968365358,0.027507369179176,0.125238183839612,0.0496249337884815,0.000246532059442171,0.00174631186752247,0.0120851809393074,-0.0065326773106774,-0.00173221321444095,0.00253312892484102,0.0029868898079675,0.00228355772313618,0.00340497619987255,0.00774561972801616,0.0247857470458495,0.000596424833654154,0.0301771427426792,-0.00388885932160909,-0.000604178089679277,0.00694647660488645,0.0705876487914406,0.0263844411481157,-0.00227460782488378,0.00231973201862019,-0.00337443992641642,0.116423651062733,0.0350208271448538,0.0486887608486294,0.00219804559294709,0.0782907750104955,0.134935972188556,0.00309320749356989,0.152047476593611,0.217268457291517,0.0321171960007745,0.000939715262772493,-0.00213059891652592,-0.000949996228260729,-0.000774893527209587,0.012294095005623,0.000950967113444733,0.0606296822027499,0.0461746326874578,-0.0011197064329208,0.00321541639826339,0.0475030932305304,0.0031331157745379,0.0269416175372752,0.00410101803996813,-0.00214724097419108,-0.0102366326056229,0.0586561473779995,0.00652045637453646,0.00262212250286036,0.125107100256559,0.00749621744593383,0.0769682329612483,-0.00603069097865268
"Lactobacillus_gasseri",0.000450314843495644,0.819472070663857,0.0136107767883956,0.244062777542854,-0.00646450605946862,-0.0103389605973343,-0.0111017411961679,0.0236689341835778,0.00201502076636285,0.0150613121050333,0.132143943816524,0.00471515495806555,-0.0143034100538068,-0.00131958657379477,0.00363342626505053,0.00358346239009376,0.00120734950168755,-0.00277593505430649,0.00248245714871447,0.000362622556617527,0.00136776551743552,6.91397084438536e-05,-5.54971371680177e-05,-0.00024586824244763,-0.00256163829825827,0.00113443435908597,0.0457524087462742,0.000605037938984326,-0.000347995756050772,0.00530445935868601,0.0027255443110962,0.00173802582016937,0.161013599610127,-0.00105589758944656,0.0097432221534279,0.00513668454823602,-2.96628055348896e-05,0.0185136104998519,0.00185222110040087,0.0700941357436258,0.023443159575656,-0.00130308876108478,0.0554241364168424,0.0172402890660247,0.0508423620675743,0.0053005983674382,-0.000197709129762371,-0.000855557504269237,0.0180326593494759,0.00254174920205211,0.000138585087963578,-0.00157595251341482,0.0132451116817599,-0.000359644984851524,0.00226809721069687,0.0627557478580946,-0.000478891725786029,-0.00351372106572765,-0.000688517406953178,0.00823675964758932,0.00126397996046955,0.000437327835235498,-0.000437566922234302,0.00363892150735434,0.0213206831983323,0.000918472106496029,0.017831367525561,0.00213394713659912
"Fannyhessea_spNov3",1.34250596759069e-05,0.923141914191419,0.0429462168049651,0.0262192584301093,-0.00505332204854165,0.0579613056570104,0.0604007985204286,-0.00381244551916018,-0.0824504384385269,-0.0230421905196258,-0.0194769413430252,-0.0184743068062883,-0.0311128085230898,-0.0284865888862055,-0.0375029506962482,-0.0110765992232638,-0.0207573884413598,-0.0122190026454918,-0.0497061069171281,-0.0337476331755079,0.0858313256398643,0.0439614935299931,-0.032853822683658,0.00875507640577829,-0.0381417831183925,-0.000519650693753242,-0.0249178384965777,0.00221976317261453,-0.0937121592030027,0.0168545145888912,-0.0406065325122411,-0.0371618858241747,-0.025995257219947,-0.0378210254669949,-0.0231713425187095,-0.0228460439125922,-0.0493448332255493,-0.0272240749107018,-0.0226343227722407,-0.0256076721272822,-0.0309018153405661,-0.00130901724781353,-0.030835799650772,-0.0105538842758885,0.00355218524412907,-0.0159154585398895,-0.00504813073827226,0.0299413434861361,0.0159827086424171,-0.0149419677902568,0.00904457363685983,-0.0362783055464422,-0.0369992813823813,0.0323739815408232,0.0162969602702746,-0.0298390603884924,0.00506338517547633,-0.0412638590335565,-0.0627694497785155,0.0241318388794131,-0.0355976055325167,-0.0298777748319293,-0.0232859295313153,-0.03503994346946,-0.0200538556835984,-0.0304279198661297,-0.0366140922044038,-0.000970046838263803
"Prevotella_sp000758925",0.00152008880677569,0.620151145549338,-0.00876186003044198,0.0179954542342161,0.014166068734434,0.0510704557961589,0.0468722579380504,0.0238659922477125,0.0258292656698624,0.0042773646746652,-0.00152557717538115,0.0100616911134308,-0.00810912938346818,0.0165594305639818,0.0422224213629662,0.0716279024253236,0.00269702732258308,0.0162582105901232,-0.015635216392876,-0.0181877005063959,0.0907177000321868,0.0599271045214158,-0.0279370884059402,-0.0235264078757817,0.0128877000715515,0.00122579927067743,0.0150873826240505,-0.013010345143223,-0.0256188315737989,-0.0081110161945116,0.00897339744853147,0.0208926931945021,0.00504893997186427,0.134930503385026,0.00309886584856513,-0.0125951972008211,-0.0263911067764169,0.00486919469469789,-0.017986837670183,0.00739410262527054,-0.00271483176650839,0.0532405613900288,0.0113080048532011,0.0219050740130541,0.120919303049236,-0.0207318484834477,-0.00853979941452042,-0.021592464397126,-0.00261218654116615,-0.0146787272192009,0.0177490280805333,0.0119661536041749,0.0198937220316012,0.119797301637565,0.0114152033152383,-0.00348909012437408,-0.0223231936681641,0.0115423376505367,-0.0171864053816153,0.0682752990946907,-0.00132000288080637,-0.00370677882215651,0.0833269498804839,-0.0247686069871275,0.0117874793775419,-0.00557260038181108,0.018644559582518,-0.0050922896455128
"Fannyhessea_massiliense",0.000614963285976127,0.620151145549338,0.0726641669110779,0.0247546585086755,-0.00579719126316388,0.0546325836070618,0.0429095610124175,-0.00479402620121735,-0.0497268054295054,-0.060433472287087,-0.0580924348304983,-0.0377045102167439,-0.061935224220497,-0.0629149743902955,-0.0604707094603275,-0.0172770427537364,-0.0748012586006925,-0.053288536115605,-0.0636292032382749,-0.0252183874762527,-0.00277498728018222,-0.0422009629387719,-0.0936752231522784,-0.0519148158870309,-0.0690634486294662,-0.0530103600739963,-0.0593616692281591,-0.0541061223517945,-0.105539238317905,-0.0251651865375325,-0.0724141648472029,-0.0715564104918719,-0.0569010689096362,-0.0331556049680451,-0.0531863907030594,-0.0652383457316286,-0.0920815817819016,-0.0564975087689145,-0.0442421313431232,-0.0589412393886437,-0.0494927406146396,-0.0749963844401274,-0.068162056994982,-0.0527230998772669,0.0573513611907299,-0.0742480384864221,-0.0638060524848832,-0.0396630510888131,-0.0427124276014572,-0.0478337600309295,-0.000773969072181904,-0.0699275974219154,-0.0630628590809752,-0.0440446245850112,-0.0172277429829417,-0.0617855918418069,-0.026360620716932,-0.0706939865744838,-0.085785611058719,-0.0459750143232758,-0.0652022957818551,-0.0613828771399459,-0.0523634826763519,-0.0114070709013385,-0.0499607000929281,-0.0144075930829801,-0.0627374521027412,-0.00349823902849695
"Gardnerella_vaginalis_E",5.59516343526739e-05,0.923141914191419,-0.0228345062688535,0.0293524225912831,0.00735961211689506,0.0492844988854039,0.06490448684354,0.0176510764896999,-0.00596444662582141,0.0215053833824741,0.0273756803167663,0.00627828498561045,0.0128831758387129,0.0265633005834063,0.0530317704102085,0.0380762589100542,0.0477444342022447,0.100569458342324,0.0577298347763175,0.00728371505058452,-0.000117567951776461,-0.000994246218259,0.0470490129464343,-0.003871144103485,0.0272020340340837,0.00976929668197978,0.0244725346859056,0.0251312510972526,-0.00373545954555284,0.0218998915723651,0.0243276654640138,0.0304079362310965,0.0287825778510688,0.0273231859459873,0.0252135913867478,0.0125115506347756,0.00459822821587922,0.0332927808300284,0.00308836873214225,0.0225906114963155,0.0391002836464433,0.0402351857892241,0.0243593546738229,0.03889796569418,0.0083978186108316,0.034821489947417,-0.00668507626946484,0.00722661004303757,-0.0117044192812047,0.00892184277711405,0.0419649261439997,0.0258465498513367,0.0297530412269569,0.0881533125216884,0.00550661076054558,0.0154748941519565,0.00640476959577037,0.0227417826778589,0.0490375494137522,0.0521169059183879,0.015814650140511,0.0165494979800547,0.0419494018443976,0.0460888794028776,0.0290785499817862,0.0147700048737803,0.0308564801702127,0.000617579459582193
"Prevotella_timonensis",1.92603769614978e-05,0.923141914191419,0.0122422156675085,0.0219759018793564,0.00073697274108911,0.0289604051975414,0.0323392282410534,-0.00406440482371422,0.0449938130209039,0.0129400955987233,0.00868910570799494,0.00514408452850202,0.00775226026857023,-0.00204395235037858,0.0157339913906048,-0.00700532744111197,-0.0126975224390829,0.0238588206976278,-0.00853504209680232,0.0732211647932012,0.0959194020017439,0.021558412586749,-0.00178591479021621,0.0928804114512541,-0.00514400468844334,0.0109796557289891,-0.00502079602192823,0.00801801459816892,-0.000165175329059888,-0.00194874914483253,-0.00980845986334502,-0.00608504085691269,0.00849928142522953,0.0735962052571588,0.0151202549285287,0.0822125114616447,0.00960446208043534,0.00571915713849399,0.000744460158045765,0.0176881518785146,0.00365772972874836,0.00836341844151857,-0.00849624554960462,0.0128765942260045,0.0552388434691624,0.00212896010219625,-0.011670778450731,0.0957562910721122,-0.00957440507232768,0.00238818749709109,-0.00466614677242018,-0.0095472799028558,-0.00345503674191743,0.0313079986889925,-0.00369209011914992,0.00660053636511179,0.00853491674022918,-0.00917178973133755,-0.0153594775922204,0.0528966591132463,0.00722085207183974,0.00570718218752013,0.0154501792130302,-0.0022155667669192,0.0137372232328971,-0.00948522845521965,0.00346769841739627,0.000346286023954282
"Gardnerella_sp003585735",0.000558684000677574,0.620151145549338,-0.000731680435318011,0.0196320578579744,0.000637079294778491,0.0503040458146328,0.055639218187719,0.00638003815354259,-0.00820572596801789,0.00341975418305799,0.0061788657856386,-0.00827799893619831,8.21719699042046e-05,0.00473863383220423,-0.00162302244412219,-0.00834294822476476,-0.0109657841727744,0.0376660911140585,0.0106754057900911,0.00946372789676726,0.0482483485174682,-0.0171052637827751,0.00622872443151044,-0.0144917554652327,0.00252412100306218,0.0134002064663306,0.00526325418555641,0.0263100687954698,0.000294971544421261,0.0646992324184658,0.00210596871801728,0.000835889710298346,0.00516051026988524,-0.0168519145523262,0.00675865667420887,-0.00692790000883626,0.00421160136939774,0.0144662053816595,0.0101126044526345,0.00814694117759029,0.039165335246362,-0.00210804231906131,0.00271789246721831,0.0182213823510344,0.0839543043028777,-0.0230811802758622,-0.00540268231265751,0.00204361947062958,-0.0340350035902563,-0.00699091547010329,-0.0115604328640723,0.00277589164153207,0.0108554760041428,0.00247230281314316,0.0397703732501367,9.46011405375202e-05,-0.0197267115383104,-0.000346326174761958,0.0760636345276657,0.00327303699459435,-6.41651453549205e-05,0.000264110915941465,0.0269700025440615,0.0346055771199839,0.00649694088153272,0.00235795667683936,0.00771798552496238,0.00238967330403512
"Streptococcus_mitis",0.00100221649871593,0.834485801521329,0.00875217269096709,0.0169522574323555,0.0240485870347685,0.00157519938583809,-0.0021970976202849,0.0244567820832323,-0.0056969399219447,0.0283545811050969,-0.026436898343942,-0.016125845205488,-0.000229586390053788,-0.00629750328907146,-0.00558701962839808,0.000971125623355083,-0.00791102540477255,0.0319902712153547,0.0350606487340361,-0.00632446144678119,-0.0082278225241515,-0.006765335237682,-0.00512501544958162,-0.00697647644651886,-0.00699363562221165,-0.00583373268583263,-0.00225988292504423,-0.0183173086592613,-0.00600254431940177,-0.000794633419355923,-0.00787153492458322,-0.00680523832561282,-0.011283921735422,-0.00965451298592901,-0.0299130814285256,0.0503331386431771,0.0173279557947844,-0.00323702581607431,-0.0066286687215559,-0.0279855019363114,-0.0159146759538976,-0.00759322493736766,0.037705394260074,0.017676663362169,-0.00227892723384472,-0.000518608650900498,-0.00617253219222121,-0.00622956331177285,-0.00652543460628766,-0.0190518817256072,-0.00620025150324173,-0.00816369159167615,-0.00899902317001609,-0.00585388906397888,-0.0096839003714857,-0.0328007597257359,-0.0103570795306992,-0.00518126862693457,0.0155574260072315,0.0147761113833968,-0.0272145953403166,-0.0308240970487157,-0.00587172706245129,-0.00087134275857865,-0.0325007254865829,-0.00542305879303782,0.0215669531854524,0.00180240470372993
"Propionimicrobium_lymphophilum",0.0120677955885205,0.0802508822310802,-0.00751140255748422,0.108286129118396,0.0140742318638864,0.00620137801740024,0.00655522677138364,0.0431434370570158,0.000313354684131859,0.0132627726466777,0.0024266806238085,0.00115210746286787,-0.0232945517817356,0.0245992977512746,0.00331295628976286,0.0103098225347474,0.00373093808478484,-1.94993717360475e-05,0.0130536719847269,0.00566146105307944,0.00751987060427188,0.000730140540102941,0.00795778612327099,0.000395224335635573,0.0120063687505083,0.00571132658044584,0.0233784099165792,0.0083837080438835,0.000918740485506565,0.007314962782188,0.0195491652413881,0.0250493104587344,0.0365973239084123,0.00429138178561168,0.0259264339587088,0.0107906089486693,0.0107700587432378,0.0217404861299261,0.0160416082675795,0.0317403324916672,0.0175093805074185,0.00335532313483432,0.0209398612291424,0.04092741283386,0.057926397069076,0.0112647709844844,0.00115348462699372,0.00550570175857914,0.00722640007061479,0.00591848235393432,0.00694051386348288,0.0171192260321871,0.038913277326009,0.000685873883741253,0.0110466660014374,0.00840064549070682,0.00333211466537977,0.00801785342195461,0.00958190879481842,0.00756526542465903,0.00852493129194016,0.00390126889118313,0.00108359122670845,0.0048033970486238,0.0193765772365555,0.0120669915869578,0.0118543288910145,0.00618064748827175
"Prevotella",0.000202123026214963,0.819472070663857,0.0149092779188615,0.0322874320710607,0.0024963270048513,0.0481746656993824,0.0409178489017815,0.0101139931998237,0.0167124849076975,-0.00354746789910267,-0.00810907783881864,-0.00950937699363279,-0.0125891302995699,-0.00936767539128642,-0.00547673401051349,-0.0162294743868877,-0.0223798762304979,-0.00464752229267703,-0.0236280263799738,-0.000672131866754716,0.0518513188327707,0.00766425102399012,-0.0183388293422284,-5.39235052726062e-06,-0.0116369151297715,-0.0139171242794555,-0.00840917701028099,-0.009757499417656,-0.00641888638177717,0.000822138448040828,-0.0140583330811134,-0.0130690174459229,0.000758134573872593,0.0199775130793833,0.00144703902647073,0.0188427257845299,-0.0129295506171211,-0.00320297190189318,-0.00249623213763779,-0.00956020765627656,0.0024821330840243,-0.0122472997430779,-0.011428849547714,0.000228609758166409,0.054099081800497,0.0124840718254199,-0.00943840148551742,0.0179288727693373,-0.0109659805636378,-0.00954245763856975,0.0144602029757935,-0.0111949375035375,-0.00210365547203456,0.020096530264572,-0.00151665839325144,-0.0174056049237148,0.0164045618985538,-0.0130077545312475,-0.0173362066178254,0.0176577742932814,-0.00930230186077908,-0.0152031439305899,0.00174426563557884,0.00106658341868304,-0.0113870960127784,-0.00909188709707981,-0.00638765166670526,-0.00163613071191944
"Parvimonas_sp001552895",0.000337886739782661,0.790732406573991,0.0211818530061201,0.0332310212611402,0.000385492842220929,0.0568542801457043,0.0460645476049893,0.00120462141590993,0.00930187008790619,-0.0137907523365358,-0.0131004611890004,0.006652924254197,-0.0188383431611334,-0.0106659563723678,-0.0214267082680086,-0.0604684737277172,-0.0309669450078236,0.0071047234080552,-0.0249518280478708,-0.0150999371102587,0.0431913565364109,-0.00810836677679617,-0.0310163828365949,-0.0154671094333762,-0.0176570318292338,-0.0141171577989615,-0.0130433379076893,-0.0295178540501284,-0.0286720501100987,-0.0166051676522795,-0.0207942634105007,-0.0246755043406483,-0.0139419723045296,0.0114873192919045,-0.0130244671545876,-0.0167449807390777,-0.0272094761872025,-0.0103617512745866,-0.0238395752495262,-0.0143654143647637,-0.000679548664135502,-0.00869832833594026,-0.0189870878381855,-0.00862308619648563,0.0358067527792845,-0.0327941179832834,-0.0257432375003741,0.0373823228945646,-0.0199106111595995,-0.00209216751973232,0.0087309535385394,-0.0181905333827901,-0.0112064347340566,0.0183229592872687,-0.0168439002119459,-0.0147770611150704,-0.00619685493583768,-0.0189615571457766,-0.0385007943951669,0.00505540559692474,-0.0186896782853105,-0.0201290137462957,-0.00863448257294294,-0.0236420646369995,-0.0141150759176167,-0.00959086220920937,-0.0131911728611633,-0.00208615276531455
"Dialister_sp001553355",0.000443658911658695,0.691996650645457,0.00273977872406446,0.0305646634753609,0.000261854390447584,0.0530086269526062,0.0449430706874464,0.00746136308832684,0.0197059145157555,0.00167908093604075,-1.19286302201401e-05,0.00643491136128881,-0.00628287925702162,0.001163281260751,0.0117362069216868,0.0117426476329067,-0.0118782898193158,0.016802002054344,-0.00756177933572336,0.0270883487321141,0.0352912459915764,0.000847422330386697,-0.015176264462915,0.0111417211086006,-0.00146460743128544,0.00679645825414013,0.00338680479544871,-0.00549105560589537,-0.00741355769014436,0.0263070911843668,-0.00241750595217869,-0.00233795346965487,0.00032756392425852,0.00458226025273248,0.00539329315719671,0.000968265852170482,-0.00791500001302763,0.00409576169350817,0.0183159749638329,0.00137039592027143,0.0137378757430168,0.0152023189128707,-0.00326622007511102,0.00951433541451325,0.00473840474660188,0.034324473340056,-0.00905183716442306,0.0283096441922728,-0.0059375362145654,0.00484892039927241,0.0154256659832838,-0.00188170356002526,0.00435735116038143,0.0447669563348869,-0.010817743252544,-0.0030016331145139,-0.00942106939044815,-0.00364736218245693,-0.0236299201921564,0.0210255508235097,-0.000391014437443112,-0.00267128657727868,0.0246881139332962,-0.00540509834083928,0.0151479439232782,-0.0110627781212634,0.00370023330329051,0.00181516691678454
"Sneathia_vaginalis",0.00138274362313585,0.529175139736196,0.014848715322932,0.0132055858640797,0.00459828489266754,0.0200266398011843,0.0213894966808904,0.0107350414216368,-0.0214587491914553,-0.00453644363340602,-0.00764291899017632,-0.0042285317513666,-0.0179807678919154,-0.00412005029256058,-0.0198554688171515,-0.0135641126502564,-0.0104727920315211,-0.0120938302477299,-0.0134025596453393,0.0439956507680353,0.0558534536989724,-0.0168391128248848,-0.0227951609680321,0.00126435548351776,-0.00885113733188082,-0.0143463991185885,-0.00380565837664328,-0.0186269245197599,-0.00622104117362259,-0.00961894932638391,-0.013698548359891,-0.0107844932178551,-0.00787713189260382,0.00224923780381435,-0.00529581792154887,0.016081865283963,-0.00582400985940694,-0.00510995866327354,0.0330928960516317,-0.00499726543626926,-0.000917843490778021,-0.0248687704940323,-0.00476907863562385,-0.00436196058164885,0.110596871248975,-0.0237512533574149,-0.0251590661375698,0.0560151665761132,-0.0236634594815494,-0.0139308793704389,-0.0127392642090258,-0.00743097584815449,-0.00241828082308005,-0.0129956870122327,-0.0114638891395736,-0.011571779125093,-0.00965846229733781,-0.01047268005129,-0.0175084735748963,-0.0122050332207705,-0.0141060471929879,-0.00926620893766147,-0.02029861150724,-0.0155744823251976,-0.0101746244515499,-0.0117293772162072,-0.00679459588567905,-0.00294788059331586
"Mageeibacillus_indolicus",3.48097810482691e-05,0.923141914191419,0.0164134479122521,0.01403812917102,0.0142597958972224,0.0282608385967049,0.0248934771710833,0.012739588363914,0.00836520407642598,-0.00997204680860785,0.00256994191603897,-0.00232399452293718,-0.0116807481188804,-0.00476560660499537,0.00456814211985936,-0.0016151507515083,0.00208472156581259,0.00733758959568111,-0.00498068293004244,0.0184282576841281,0.0406296695214022,0.00243457566389857,-0.0210795809404694,0.00183086007316311,-0.0148720250928,-0.0109265851729674,-0.0148764072512962,-0.0021377764609521,0.0176041140664099,-6.76913036045716e-05,-0.0150871725579836,-0.0114540412217611,-0.00873353179368699,0.000216685161926705,-0.00173947754221364,0.00737110434096158,-0.00693430897985032,-0.0026646745906469,-0.00278411799498372,0.000724611343940919,-0.00267622123287276,-0.000527295677313055,-0.0141479320266874,-0.00247752722654254,0.0073137778493583,0.00700957811604133,0.00226275952040727,0.0164902135700752,-0.01124236612999,-0.0023925907503161,0.000757802286652394,-0.013417897704349,-0.007307486178654,0.0242768008324528,0.000400463788282726,0.000692376635628962,0.0162158768705012,-0.0156648655504104,-0.00677350143863163,0.0064287609852165,-0.007912434013614,-0.0153019124634344,-0.00192089999186899,-0.00745253931037144,0.00150722545981177,-0.00849567272117003,-0.011178686011641,-0.000630623954597327
"Peptostreptococcus_anaerobius",0.000143815221818131,0.923141914191419,0.0018553941137452,0.0582231999530406,0.0030981142625566,0.00701217858257657,0.00298114500829803,0.00573963048149344,-0.00124629930285356,0.0017544339289045,0.00174715459367479,-0.00289597588650001,-0.00204510835754954,0.000645908976292918,-0.00229527923136024,0.00637652839339113,-0.00275151270276608,-0.00124492765000319,0.000302209650680748,-0.00203401283220106,0.036439984001529,-0.00265814080952887,0.00301427119560509,-0.000467337950361028,-0.000826892010549314,-0.000653815300873749,0.00113687890117865,0.000555076278510701,-0.00103867267226576,0.0014297534682762,-0.00129501921581574,7.87554128191064e-05,0.0028936458706396,0.00018362189265853,0.00240569401190976,0.0217492708925239,0.0122019729881399,-0.00186665203296409,-0.00217279246497456,-0.00364658529920924,0.00192093003196616,0.00998325413267415,0.00111193318407994,0.01644001599596,0.0292818882900504,-0.00380437386996584,-0.00196652474230883,0.00162283164550313,0.0135068390951597,0.000333895748911437,0.00278630288089164,-0.000628912950143651,0.000878888960443569,-0.00191423591748987,-0.00010568079715097,2.91983897375855e-05,0.00621556239202837,-0.000792797997569699,0.00142946917025713,-0.000849109735320832,-0.00135730569501501,-0.00375030281218805,0.00924413024078134,-0.00515513180300265,-0.00132497418671513,0.00132833592544783,0.00463933382243828,0.00028621679421518
"Limosilactobacillus_coleohominis",0.000193410486002382,0.879181324725879,-0.00786318242805372,0.020975762335308,0.0105844410095157,0.0175365824527919,0.010602478225779,0.0144184042354174,-0.000220568484610126,0.109573245603131,0.0150603288536866,0.01121272392567,0.0702949803810069,0.0389886788905359,-0.000541041298744598,0.00614355186688702,-0.000903337685324495,0.0110949582137422,0.0054121567340001,0.00121882294926159,-0.00578856241059877,0.00139092995149719,0.000635773839074154,-0.00139670749113949,0.0134702253143974,0.00108724458902493,0.0151893035110688,0.00108780344554974,-0.000933407356918518,-0.00125315540484549,0.0190850760194184,0.0226097297066385,0.00530532038424561,-0.00511020363919892,0.00801945964480484,0.00977303717054691,0.0013089443378048,0.0150916473610971,0.00345788377079216,0.0880907402112663,0.0307123841396579,-0.00258732434261084,0.0161467003478989,0.00947460030874753,0.026506091679729,0.00824431823971131,-0.00150585126595295,-0.000809206257025341,-0.00144215323958631,0.00568419858045914,0.0159979360271643,0.050530394138566,0.0698983337579936,-0.000613708276875342,-0.00298604333798482,0.0548618525248409,-0.00730145486173696,0.0129135401502925,-0.000690916583202332,0.00130462638616387,0.0043729351909577,0.132128065000177,0.00228272609008619,-0.00478356144564649,0.0559620791316698,0.0133520298050769,0.104304556617295,-0.00105174143886457
"Mobiluncus_mulieris",0.00174036147914841,0.772523406186773,-0.0086315971472469,0.002197836564038,0.0136857011889919,0.0161171449603868,0.0169012453158641,0.0128921390742027,-0.00491178980449959,-1.74728357087372e-05,-0.00132535666862557,0.00115918864622857,-0.000295139877949556,0.0100807078384418,0.037025784206982,-0.00100659338895261,-0.00159813070021421,0.0031740997528396,-0.00017458167318722,-0.000276722680609736,0.043988728879299,0.0213116999033413,-0.00167016089813894,-0.00351488021520973,0.0107106170838162,0.00415902911951351,0.0085566229075979,0.000225631354561594,-0.0040998874868094,-0.000958741305836632,0.00863159714724647,0.0148765137582724,0.000599488049606248,-0.00142577809554791,-0.000846650756068841,0.0067321306577246,-0.00196144760892399,0.00293752578392251,-0.0031187042125952,0.000693127108425164,0.000716116717925731,-0.00190744954511397,0.0094794021351149,0.00315194611452405,0.0160364886516786,0.0106036543876206,0.0140303105233623,0.0529539778566891,-0.00312877027098683,0.00199156808080304,0.000897878495621466,0.00919680047249129,0.0130716307650368,-0.000757922571960049,0.0275540992394816,-0.000738953402746524,0.0227743411448079,0.00957898868916689,-0.000693290773843393,0.000726605311199541,-0.000946500116141197,-0.00371790729909523,0.00849678215781009,2.78365704968385e-05,0.000934252400412091,0.0262177098024093,0.0119250793837157,-0.0016956099757345
"Gardnerella_vaginalis_B",0.000204619393974556,0.819472070663857,-0.0150716139363442,0.0353640523755962,0.00627832716213605,0.0235972375037505,0.0415023448116371,0.0157544778214494,0.0375692345116953,0.0234537253597782,0.0292605239034193,0.0186137169048263,0.0107894300128954,0.0245170392982703,0.00489763495451059,0.0041952565185702,0.0378003009813391,0.0284511037639515,0.0120860013814608,0.00893381614518205,0.00582081592887827,0.0165133856158294,0.0120758173303513,0.00399964935088588,0.0183319020054828,0.0099570571688146,0.0206887733172973,0.00927429818654647,0.0130509031084141,0.0704459925245417,0.0171538685719198,0.0213739201478249,0.0277376265934832,0.00603573533700187,0.0198086051594208,0.0279123391005666,0.0117153731330501,0.0274540089225926,0.0269189505331182,0.0138402254823968,0.0378140219442042,0.0400573952009411,0.0185695771582253,0.0275749702979466,0.103333466396424,-0.00381176554296407,-0.00163579073303386,0.00701214927041527,0.0179489293870938,0.0182852337583484,0.0155406134604358,0.019004967055435,0.0237065189891366,0.00117161144989987,0.0178288752477996,0.0087932867742068,0.0399464812226471,0.0184898713298563,0.0143041443624416,0.0160456357055514,0.0109653788302817,0.0136095411049163,0.00834967748403083,0.0282857789240945,0.0440122763560805,0.00176950921158693,0.0236644882845541,-0.00131282685323674
"Prevotella_spNov1",4.21419334773181e-06,0.954183388263638,-0.0121911407862968,0.0175367838593529,0.0093445267722486,0.0318647374162632,0.0216629305620712,0.011161278984119,-0.0043537690530748,0.00528717944365215,0.00444814013208995,0.000115485105891047,0.00272752100878933,0.0141012907593246,0.0842892211402294,-0.00363901826998111,0.0530589410314319,0.00704353142515325,-0.00169831189392658,-0.00525395651158337,-0.0109762032456174,0.00416514166461409,-0.00632096284515394,-0.00573087618827183,0.0136405779501137,0.0357283317178647,0.0113776391716268,0.0245437124176693,-0.00432690626062556,0.0327036095124586,0.0121911407862961,0.0182935449899468,0.00286731053735249,-0.00771186208608354,0.0103905863930548,0.00104575634691395,-0.00341375262907343,0.00843209596389687,0.0357446293240855,0.00680999069467423,0.00436198137682454,-0.0044378527309596,0.0122118373096033,0.00748651491197664,0.0925322224016427,-0.0027454290664461,-0.00257132865170816,0.00270552885763755,0.0680665143960319,-0.00226593482087228,0.103257327639753,0.0147259467887613,0.0114379455100339,0.0003913517476142,0.0822732000485523,0.00284661401404709,-0.0115964574598451,0.0124203572421407,0.044372921543585,0.00362267981762799,0.00321871562658091,0.00347205580668166,-0.00309778522915236,0.0853774035322328,0.00329944725282535,0.0603757960968331,0.0134741065766643,-4.13930466100656e-05
"Streptococcus_agalactiae",0.000137087481927443,0.923141914191419,0.00387273550530267,0.0232997019535537,0.014508263653681,0.0106231456828387,0.0113188427498896,0.0231649285972862,-0.00902472652627356,0.0123676100791816,-0.010987003641793,-0.0127436662976854,0.0298825456410507,-0.00379118741211809,-0.012844376674216,-0.0109380496142019,-0.0112408941456149,-0.0135161096411509,-0.00683894482923035,-0.0104938105957945,0.00304802268118395,-0.0132455855216303,-0.011228062470017,0.00135849627925477,-0.0030054536286678,-0.0128473560111408,-0.0011390781945119,-0.0140422808259475,-0.000623989686044145,-0.0116115770208598,-0.00308340262954508,-0.00555679335582798,-0.00944538523743786,-0.00976341534922629,-0.011529618172293,0.0162571829607916,0.00332520158380732,-0.00744798426211332,-0.0105246766123665,-0.0157803720900908,-0.0139662317555859,-0.0110726061271282,-4.74793067084448e-05,-0.0125317345330674,-0.00460527155159853,-0.0126077855646839,-0.0135594180901642,-0.0127274381586315,-0.0133160530350315,-0.0097315261110471,-0.0112132510975325,-0.000692188925324642,0.0224519992049797,-0.00437636982930877,-0.0109515879393985,-0.018380999158984,-0.0110649817547098,-0.00321911904083162,-0.00673681871322841,-0.00839937020406784,-0.012901762482206,-0.018399218472381,-0.00257703184914405,-0.0118038963259938,-0.0171579418186887,-0.0103358197799977,-0.000918626565235575,0.000325764892452312
"Prevotella_bivia",0.00065689306738434,0.790732406573991,-0.000907304301567989,0.02595276242301,-0.00208634085966077,0.0173850495682433,0.0126992811426444,0.00708550638077437,0.0298230006444929,0.0130566097333391,0.0194455395715783,0.0222479783757577,0.0256612610830632,0.0208255164187815,0.0087844295480735,0.0243978543106115,0.00149558342047444,0.00871038646749264,0.0104597080733356,0.0544277414104823,0.0117691567061408,0.00267126164859989,0.0199839457791133,0.03011149700174,0.0226202480183179,0.00782575341306176,0.00886228739346404,0.00859835095285199,0.00147182475405576,0.00407175423064263,0.00196582844850123,0.00551065040058729,0.0185592604496758,0.00332905901074399,0.0262290616689045,0.0515302789528959,0.0200632977554104,0.0283095531331772,0.0243851847434798,0.00907934167320053,0.0270604104275915,-0.000694929637723438,0.0224123491371235,0.0182756028964328,0.0271038481845983,0.0222776328367898,0.0112421266982013,0.00489739957068984,0.00478119660672962,0.00727251971364051,0.0043680872908231,0.0222147403360791,0.0274975342159893,0.00424234504763626,-0.00175521993330405,0.0176030377520515,-0.00262978806259777,0.0216862983350399,-0.00161822275010595,0.0145021529691972,0.0127467797195398,0.00808803604105083,0.00506763644620512,-0.00278524377732729,0.0129131831932076,-0.00497624435862634,0.0206147679414516,0.00138951609397923
"Megasphaera_hutchinsoni",0.000329733820710519,0.879181324725879,-0.00115245443196564,-0.000531477258220477,0.000832362879733774,0.00790133031221785,0.0101093004913097,0.00372581913921046,0.0274539015708999,0.0050733038747969,0.00113109206718122,0.00507884388770984,0.00103209781354738,0.00267630843996839,0.0239905161179619,0.006377150536753,0.000704937133095606,0.00466551042582897,0.00301269241004476,0.00125278036341519,0.0180921037922263,0.0164475027125236,0.00623837743117385,0.00379968847925129,0.00228149259597798,0.00172915516194408,0.00605189391605191,0.00370236262869233,0.00370961217490964,0.011665724438388,0.00174761522932555,0.00495697807368683,0.0077598347511769,0.008088640889047,0.0039717904250614,0.00382841595708018,0.00269936170483268,0.00311893141699215,0.0633374910100672,0.00375025026350039,0.00319151864751387,0.00262854968956429,0.00358874237639682,0.0104718846860365,0.127883481387816,0.0027155290937989,0.000797107009608979,0.0860924730147987,0.00688282145995305,0.00558034632532296,0.00495807735300586,0.00173083160467488,0.00320073557240057,0.0629934648005722,0.0601733632055539,0.000320091552231001,0.005912308331396,0.00185185737158254,0.0035471552278506,0.0127549529331742,0.000786360178642115,0.00534326461845031,0.00525503220777525,0.00586662557887278,0.00493355497010816,0.0678861622938486,0.00342972808174623,-0.00139880587923393
"Lactobacillus",6.68445557449583e-05,0.923141914191419,-0.00202681696977353,0.0606673012820721,0.0160399352890137,-0.00865410633031262,0.00472024962696963,0.0485410737497147,0.0153069890458867,0.0540974140468405,0.0253909404443692,0.0275873093685825,0.0706078021014507,0.0291155513170376,0.00983772294570106,0.0596728427769448,0.0245310004853279,0.011933826822721,0.0136380529227337,0.00397369680199625,0.0427867269118962,0.0089762866204431,0.000798830936319864,0.00728234303867948,0.0325395597430778,0.00198986475402482,0.0341516406877869,0.0189777891948567,0.00604324766444579,0.0456572035443119,0.0379362271471055,0.0373817899460242,0.0307820091233762,0.0113840299137845,0.00939368569976342,0.0120054288254446,0.0100410891017718,0.0397822979097213,0.00085813913953986,0.0272195724445922,0.0356161277187431,0.0119073513521533,0.0543081758272365,0.0267329616777098,0.0101830562757821,0.0149537875306032,0.0267303082320613,-0.00203900885543467,0.000498141475937201,0.02173091898847,0.0034686953856105,0.0292367963479483,0.0299592761712083,0.00159501546474424,0.0194540550278713,0.0339998491969245,0.0176152448013495,0.0295422307721972,0.0256192390136929,0.0251521918747517,0.00510909166254847,0.00732267359366429,0.0152965575732996,0.0224228158122817,0.0389721896072878,0.0165757394633697,0.0410539374389549,-0.000667930878242567
"Prevotella_intermedia",0.00059705269900409,0.681734840150682,0.00341348270815803,0.0224298374620675,0.0029548762310465,0.0349245818777101,0.0300046017530367,0.00916719629429607,0.0230089252601209,-0.0024185817257912,-0.00231041008053519,-0.000974455805155474,0.0113233328858275,0.00081141027986293,0.00928159124532111,-0.00297513602796695,-0.00852578585149523,0.00376125222729987,-0.0114906008989028,-0.00802132158778131,0.0472639982584403,0.0179817106630224,-0.00207192596767596,-0.00758479046653749,-0.00110100041815039,0.000154762713394894,0.00322753268033688,-0.00373874680906931,-0.01124257973237,0.00774777715678511,-0.00324271992866277,-0.00298281497869606,-0.00490513249106106,0.0226014057418572,0.00526188104251186,0.0170316433770062,-0.00762174797918779,0.00154925840093006,0.00513814543393331,-0.00422613121498261,0.0105038038307507,0.000723620388602733,-0.00127072729133772,0.00365089710654232,0.0384322149970662,0.0270673034482631,0.00364817294856945,0.0132610217962097,-0.00443605048229974,0.00215188052024798,0.0136150701050389,-0.000983494479532784,0.0051340172230757,0.0149430234825336,0.00605652470007128,-0.00636835893920587,0.00197434320297558,-0.00137747135641263,-0.0130198657217179,0.0232934153535121,-0.00273923190124339,-0.0057514946996991,0.00943197472534316,-0.000546860112368916,0.00305553868060572,-0.00274290110752915,0.00367709691207726,-0.00185059271852097
"Corynebacterium_coyleae",0.0140020727723133,0.0448198666020448,-0.0049986217956466,0.0821982111180971,0.0101717267027542,0.00635866689069505,0.00373844719019375,0.0302588954047981,0.00245678886466328,0.00831856315206303,-9.04214526565525e-05,-0.000352836773988861,-0.00125167771660317,0.0146589449736234,0.00162985864664373,0.00661705486984254,0.0059167734755664,-0.00122116177288243,0.00773539486650685,0.00316332568789267,0.00171062795837272,-0.00052580382878609,0.00913786620741002,0.002896659869939,0.00730372479129745,0.00348493337595779,0.0143725555592367,0.00496672607363094,0.000484615989709833,0.0130954663037385,0.0115181814712311,0.0166531667502833,0.0249411590365419,0.000814801868022484,0.0248028086979221,0.00718108778544589,0.0131832833969141,0.0125436631274564,0.010504492707535,0.0295875680030613,0.0131949296840176,0.0016982983559698,0.0138104399476066,0.0242778861697204,0.0413865082175284,0.00861017819670179,0.00809526011536552,0.0027886789627853,0.00441606964659001,0.000820432393066158,0.00351319385019928,0.010599823168563,0.0235813968445043,9.74574975852238e-06,0.00351146283254148,0.00320708090720344,-0.000785186250939161,0.00478255781198064,0.00664992591887973,0.0163369283964741,0.0103233055278359,0.00421503488703757,0.000542720148271858,0.00253046338116033,0.015519454143584,0.00618972626898907,0.00781394679945964,0.00496120315487268
"Dialister_micraerophilus",2.44357141606131e-05,0.923141914191419,-0.00256682081141943,0.0709613947687134,0.00405089013797342,0.0381569087460851,0.032256076604999,0.00663288287996126,0.0114975037395323,0.00059005174398656,0.0104464032481888,0.0106201647031811,-0.000265565679333984,0.00661204154736385,0.0168094289044154,-0.00657470742355012,0.00337214116407484,0.010633769637056,0.000135198711073187,0.0108324881304612,0.0267355744653917,0.00668115329466545,0.00011540926474771,-0.00910269662486914,0.00493653490863099,0.00566526368532436,0.0100510690892087,0.00335607083687791,-0.00594434341986038,-0.00236935696115257,0.00301705873779592,0.00151670851249302,0.000545288755237271,0.0159188574615107,0.00958248221846793,0.0157876429854939,-0.000809084630990799,0.00371579063575163,0.00324281590614281,0.00198400573258337,0.0182163975857187,0.00237938977106743,0.00442451205831769,0.00747640954729003,0.054166491936209,-0.0024197360865381,0.00133623052795887,0.00889673869787376,0.00866899899235725,0.00197786120214842,0.0196656748459988,0.00374332465337388,0.0237996452247702,-0.00247927480916122,0.0141697579422588,-0.00148406932655527,0.00846110317173941,0.00349725521298757,-0.00180569321869127,0.01081892849546,0.00367742098719485,-0.000193583980249087,0.0070312664867275,0.0107637176579033,0.0036991532753318,0.0145169024151064,0.0106008744996707,-0.0004732964788163
"Candida_albicans",0.000988431534867666,0.790732406573991,-0.00271959544676526,0.0243117146306826,0.0158177186657825,0.00653526922746978,0.00360311897549442,0.0265036826508768,0.000118772713280799,-0.00897540873214414,0.0836688485193832,-0.00452529413326166,-0.0177358228251832,0.00955640597108622,0.000112829160671412,-0.000497681120121254,-0.00132852213758536,0.00655175535742223,-0.00507556580666841,0.000749537953450383,-0.0029750886218511,0.000290870174832103,0.000447885117592999,0.000163673315502532,0.00356018060561882,0.000431678604416666,-0.00143219723002369,-0.00605757616572249,-2.86649078222156e-05,-0.000883523528728978,0.0072781620053815,0.00711477835196097,-0.0115408761840498,-0.00198765962028533,0.0492287602061201,0.0032133674999507,0.00160204350685065,0.0312362808203586,8.54608084867241e-05,-0.0107911252433809,0.0325951519199922,-0.000637422188860418,0.00493932499417636,0.0503380383422926,0.0195475307739143,9.37294035302183e-05,-0.000323133422826626,0.00177121084055481,0.00121371003519074,-0.00728294693293894,-0.000323133422826758,0.0113423281655382,0.0401143982289752,4.35217728808012e-05,0.00767355557040813,-0.00823354522319295,-0.00271221129477712,0.00413238603359682,9.53230425384703e-05,-0.00604133082935117,-0.0125377331131151,0.020208015195165,9.76083009819696e-05,-0.00177946042394605,0.0244715653677938,0.00151189016661688,0.0522046585549788,-0.00168117031770706
"Human_papillomavirus",0.000375668933494294,0.834485801521329,0.0124110284542835,0.0107197705728659,-0.00734849453820908,-0.00717229472333418,-0.00710301200052328,-0.0070711547755782,-0.00480741948753185,0.0219253811105372,-0.0048545290941014,-0.00497727036294438,-0.0051318688567322,-0.00280663949067326,-0.00133893280696972,-0.00508269095108447,-0.00506537027038179,0.0284549034605474,-0.00497727036294433,0.0049169540243791,-0.00503072890897637,-0.00442677309709254,-0.000718354206802601,-0.00404475554350151,-0.0120225829109984,-0.00464960054502031,-0.00553264143188999,-0.0049772703629444,0.00198425657886984,-0.00530801645376024,-0.0124110284542837,-0.00858200796765212,0.00576805241956567,-0.00504804958967899,-0.00485452909410144,-0.00503864099736582,-0.00516934657244487,0.0161876213854582,-0.00510001163178722,-0.00485452909410146,-0.00445499711631654,-0.00490179562851954,-0.0115768679626743,-0.00418304918740834,-0.000562655232425462,-0.00490921862548436,-0.00516934657244485,0.00979533747485603,-0.00510001163178721,-0.00486494217324995,-0.00516934657244489,-0.0122723585729682,-0.00326183857048199,-0.004668197896119,0.0334038436409777,-0.00506253391607451,-0.00510006384963397,-0.0122030236323104,-0.00506310259982125,-0.00469937715099347,-0.00475199423294891,-0.00492386403475918,-0.00310211561408382,-0.00258822269514198,-0.00485452909410148,-0.00500758245019253,-0.0121336886916528,-0.000416009643946109
"Sneathia_sanguinegens",0.000960905776084888,0.715348727855242,-0.00578487462721138,0.0149599439019912,0.00886659767292389,0.0353334023930676,0.0380098288910693,0.0113074923636744,-0.00435230240452702,0.000419389204905591,-0.000942303577706639,0.00236923906864404,-0.00329907182034737,0.0127076636892781,-0.0220667223470169,-0.0248099683396536,-0.0054375665354633,0.00997323905199987,-0.0144802671078948,0.0201896878220383,0.0390452930895451,0.0153987331440038,-0.0212901852056317,-0.0271868396746015,0.00817113032071358,0.00922671397595128,0.00822310366318195,-0.0101335017330349,-0.0134678163375466,-0.0140488050749913,0.00662707804957388,0.00272825629946631,-0.000158800505666253,-0.021157841616653,-0.0016406656755807,0.00998689224074335,-0.00422776655360587,0.00169165097106292,0.00249128299916465,-0.000400266536554513,0.0179939381624363,-0.0117723409049428,0.00883805855221818,0.00524972378052192,0.0457619079142762,-0.005253899000325,-0.0189749673598274,0.0360417900868127,-0.0197727406967769,0.00322729161413963,-0.00684885386112337,0.00708653090315582,0.0183198643124644,0.00605241932538855,-0.00855226816997901,-0.00308172304571342,0.00388959752097087,0.00684142459695221,-0.0171205100026405,0.00786264187310755,-0.00164099894559439,-0.00152103887618312,-0.00986697057147883,-0.0123590140446762,-0.00184757493098705,-0.00285796550006983,0.00970795173819027,-0.00192231727989822
"Prevotella_melaninogenica",3.23243997378719e-05,0.923141914191419,-0.000901918123850143,0.0068551579251448,0.00163717020848648,0.022590881000209,0.0206504725784107,0.00468197180039038,0.0293177920808183,0.00457483675632586,0.00117444625610569,0.00308102191963263,0.0148430914546278,0.0027595250205956,0.00749518858320312,-0.00876557540162587,-0.0066790303503711,0.00632724637690381,0.00376598197925038,0.0118266265604546,0.0371339636510696,0.00345564549314738,-0.00443513382822892,-0.00204664781702912,0.00303946018308135,-0.00292121953162846,0.00361603274469898,-7.23827666013492e-05,-0.00577139805689887,0.000665850648672048,0.00146976439499179,0.000207390325488972,0.0044733279420222,0.00933108299149987,0.00521547540861471,0.0325751697261896,0.00136924192261712,0.00432471909615166,5.73557321444307e-05,0.00083923341215365,0.00713076289594267,-0.00399213445368764,0.0045293083620102,0.00422743111327958,0.0580708087221347,0.0182223419162847,0.000330468522156169,0.0565049307760534,0.000726989341536821,0.00142322522089163,0.00460563973082872,0.00152624989898869,0.00234718576881838,0.00765627271057713,0.00594303990714137,-0.000735252084637255,0.00695887097208535,0.00263675267861677,-0.0068796288592106,0.0135407878437324,0.000515037460593898,-0.000600683355970204,-0.00426180992998579,-0.00077560465018893,0.00565650339105983,-0.000214136255746371,0.00423759498659344,-0.000403706186001596
"Pandoraea_faecigallinarum",0.00711141495448447,0.279439943994399,-0.00511949425162186,0.0621646463222714,0.00947783268706531,0.00425837796919245,0.00519440530472869,0.0258900146894666,-1.20097507603817e-05,0.00804956508142359,0.000781242231361658,0.000266666226286182,-0.013760300104036,0.0177348605602293,0.00111097122958221,0.00592516071224993,0.00199810986176792,2.10188225087198e-06,0.00698223628412178,0.0032458937033781,0.00410912607108939,-0.000616887120519201,0.00192525032015697,0.000161580744245563,0.00835661844996666,0.00248796758839841,0.0149903279118173,0.005170027902296,0.000497156999903686,0.00373104501778855,0.011955205950298,0.0164574443875942,0.0218333308722782,0.00296160017054387,0.0153686982312763,0.00913609607539458,0.00573695876874374,0.0121971451083866,0.00921460598150406,0.0184114261603787,0.0118243731496485,0.00203684098475975,0.0146511070915101,0.0244872246747706,0.0270182820033836,0.00535520864906926,-6.94555656034663e-05,0.00271602492696107,0.0037948165113824,0.00396759061821457,0.00238791692851788,0.01153619808726,0.0246645461717692,-0.000332057733271674,0.00697784844580713,0.00487635706598505,0.0021775677860242,0.00608897490534262,0.00528521882248242,0.0048397774427667,0.00453953382884862,0.000619528003684246,8.99079424970545e-05,0.00214003485653532,0.0121531450200698,0.00751136368947442,0.00861942256198425,0.00278104114255323
"Finegoldia_magna",0.0167236991408076,0.00807580758075808,-0.0099675510960342,0.0950265398246663,-0.00658836758609398,0.0140494241411962,0.0124389070152429,-0.00971358193479875,0.00516823525438794,0.0205560093815009,0.0171955128180615,0.0323150607054078,0.0633020106180465,0.0110797648398832,0.00270984762426982,-0.00161954628498502,0.00604428005106186,0.0189084732803499,0.033568805205582,0.00121965449906923,0.0116405094851826,0.00129905981967412,0.0157651849698986,0.0105510081087539,0.0121375178536495,0.0133997492151602,0.0227112609978888,0.0352258633637876,0.0017014911462235,0.0363884294442906,0.0174478362492084,0.0124999692028774,0.0477329441990471,0.00930420444282816,0.0369232516402024,0.0239941684707621,0.0162794423248195,0.0173591502153729,0.0135023174844057,0.0248387416366071,0.0150737704552321,-0.00111850845650551,0.0138302951141875,0.0326312108735542,0.0647191304720536,0.00774478123043624,0.00330678330236909,0.00405142091719468,0.00280813905010752,0.0170559816428104,0.011123273710267,0.0110547793906147,0.0133006866180455,0.0126219908316283,-0.000959512769857395,0.0243300931945204,0.0102947351847208,0.0108193572718041,0.0421382089379317,0.0369135502111454,0.0372553024844669,0.0181174672529253,0.00195952649067839,0.0130071173977804,0.0163066190531305,0.00341682639703097,0.0218639636498142,0.00667122545124642
"Cutibacterium_acnes",0.00961295699854393,0.162116211621162,-0.00257715138489006,0.0564255146120082,0.00889997936896918,0.000417562304602309,0.00217011732088103,0.0277929578439547,0.000166282124398178,0.00311880885732325,-0.000111534607183804,-0.0016526476493954,-0.0179472987600137,0.0100780964473749,0.0011729763797334,0.00473549786140197,0.00178106325469915,0.000429878335015845,0.00986677898799577,0.00211707990383044,0.00510319248666149,-0.000618920710912246,0.00234722412266453,-3.29304761555513e-05,0.00466731073937724,0.00144518853856284,0.014462379336125,0.00220308884031571,0.000353965987452128,0.004005495690811,0.00734190596587837,0.0124689556588045,0.0150310705001441,0.00338023407006505,0.0106063476477473,0.00581742260200376,0.00532041090007706,0.00650584382541919,0.00893564211428713,0.0181680177163376,0.00683238152206481,0.00134976331452122,0.00731093272866053,0.0243379164670671,0.0193966394214961,0.00435119964096505,0.000373273133845422,0.00256926313040108,0.0031357318786971,0.00686246131076413,0.00177258869679754,0.00596336705192584,0.0154288320998052,0.000405275377160657,0.00516400560089886,-0.00166426575375381,0.00259509062170339,0.00550014487864138,0.00837836171326208,0.0108030110571689,0.000497963683531482,0.00039592094969041,0.000929619999814518,0.00291225233240826,0.0151764361089987,0.00620924892762873,0.00524247603931415,0.00294108538500945
"Gemella_asaccharolytica",3.49650387445687e-06,0.954183388263638,0.00523559144750257,0.066747571979099,0.000240686815165611,0.019397621404747,0.0171035772903929,0.000345111844473382,0.0058137591848532,0.000311202789228112,-0.00355748984249035,0.00754193151723813,-0.0031257054304192,-0.00248689312667626,-0.0105327350625612,-0.000665973222805601,-0.0181867257962298,0.00645752565213581,-0.0119401838678086,-0.0052978718093772,0.000142480001160139,-0.0103203899529292,-0.0161184483399435,-0.00508643767272314,-0.00439202926047738,0.00604364893380191,-0.00193626611788683,-0.0108007486269137,-0.0127431389229229,-0.0107646486956815,-0.00523559144750305,-0.00760264254710644,-0.0027481520902664,0.00528859386172837,0.00162335097766171,0.0106575600377437,-0.00605108672142736,0.00265471400788313,0.00837039175135839,-0.00388821475944303,0.00379550880336352,-0.0081869855370104,-0.00437383096744703,-0.00204562716788273,0.0446559024811172,-0.019955801037987,-0.0195060559937984,0.0137736144032117,-0.0158407153107608,-0.000780063254382533,0.007052145204268,-0.00439741338724864,0.00161111850121445,0.014796865776878,-0.00196739523661555,-0.00547627826266887,-0.00575399837354223,-0.00515727267552239,-0.0086805104099606,0.0118400871759458,0.00161566935266212,-0.00542406574801547,-0.013125740859313,-0.0105789630346269,-0.005091356596643,-0.00128420814073796,-0.00242730584290953,-0.000156637543960526
"Laribacter_hongkongensis",0.00649826550515032,0.296203694443518,-0.00479225629623511,0.0583381165813628,0.00865102538433462,0.00410070968358345,0.00468009347173668,0.0259992672041627,3.93369215136442e-05,0.00808611090759686,2.30539230469311e-05,0.000435550919119574,-0.0150289613536564,0.0129524616375222,0.000910938376952426,0.00496727333924789,0.00148514509271892,-0.000634981313970941,0.00620413868774817,0.00224764206029959,0.00304450347263123,-0.00032917376647935,0.00181315494639093,0.000133468874294773,0.007778266557675,0.00225555805075177,0.0111602453539476,0.00371980368921387,0.000525641294530556,0.00265283947301331,0.0119762705228802,0.0152212177582894,0.018385433925305,0.00251924798231032,0.0130150680943956,0.00578192510785645,0.00511057746273858,0.0103605800262473,0.00717083839270142,0.0139042227983049,0.00698419124637448,0.00162732786050928,0.0103181482737698,0.0171354836199797,0.0235686560159676,0.00554378963022717,8.0779646365092e-05,0.00269204502538224,0.00333467707400454,0.00254163114804189,0.00205884372038921,0.00941697887900303,0.0224665718066355,-8.03912920109785e-05,0.00508946632480884,0.00210664749251777,0.00164218965504231,0.00570699937986283,0.00423325920778785,0.00333379006281296,0.00244278233560009,0.000481377589180542,0.000587168118966369,0.00197758750770531,0.0112330683028555,0.00574700743502154,0.00723473129180088,0.0022177849285896
"Prevotella_sp000479005",1.69674877168332e-05,0.923141914191419,0.0114773446164392,0.00463532810848255,-0.000675597424111733,0.0165656130175732,0.0136821384468069,0.000174448809549497,-0.00711361249767254,-0.00644646599139189,-0.0106658300533072,-0.00938628497620572,-0.00859042562688665,-0.00906466859626184,-0.00472933515450762,-0.0150396098576162,-0.011904400664711,-0.00278398097810085,-0.0143082368870145,0.0342880829629767,0.0514273820539852,-0.00364232695328039,-0.014110012229874,0.0189184548738726,-0.00897293740612542,-0.008742006750607,-0.00850186663933976,-0.00999603824046094,-5.63144195761018e-05,-0.00685904597835045,-0.0110569045234264,-0.00939882081711525,-0.00765152809861514,0.00400303241207112,-0.00736029177415698,0.0217155506457763,-0.00552182532729989,-0.00560327737241686,-0.00302279068163523,-0.00606861185396797,-0.00956350968336363,-0.0159437408663216,-0.0100571885367083,-0.00279393378179786,0.00143346102494229,-0.0104060082308351,-0.0138187744157242,0.0303508288456144,-0.0087667274779525,-0.00864015109126923,-0.00755470876820588,-0.0112267545556476,-0.0106143779892834,0.0187531479147873,-0.00441433297093414,-0.0108017471923283,0.00859019047281786,-0.0108622037124284,-0.0124932329574698,-0.00139421286353185,-0.00902764484804617,-0.0107111357663144,-0.0118875688030662,-0.00828399717491998,-0.00405356958568189,-0.00949442528478972,-0.00859105322765793,-0.000271834278042239
"Prevotella_spNov2",0.00052594520470346,0.834485801521329,-0.0193482634837273,0.00183156509028489,0.00163227940024251,0.0251715523004292,0.0251873652852616,0.00247839738113571,0.00138581828831297,0.0183505725691536,0.0191043603243128,0.00949009836896455,0.0180708565989293,0.0199828519693965,0.00190947801677746,0.00107810932992711,0.00421935135612147,0.0236702975324993,0.0110635760722727,-0.000561494802719597,0.0102973858196246,0.0303991229171417,0.00179932956709546,-0.000275206216324933,0.0199828519693963,0.00911253843382991,0.0207720911050494,0.0571115434365071,0.00313860852024428,0.0830959315461575,0.0196954304645876,0.0153410367640639,0.0183505725691539,0.000854618468216725,0.019724250725322,0.00627751547782995,-0.00175189612972333,0.0204401490880578,0.00320244115389082,0.0209785383825074,0.0203552120971867,-0.000846067929601996,0.0215249269930207,0.0192964309999767,0.0604726446709482,0.00330542357670122,-0.00103167771248466,0.00120125918961911,0.00574433335529083,0.0133823372046263,0.0854341656124227,0.0197713224741732,0.0254836228815468,0.00509005611048813,0.010634456542387,0.0177159840834843,0.0163429406215678,0.0199828519693967,0.00503625999713374,0.0146973107612893,0.0181390430739304,0.0181390430739304,0.00951527586407105,0.00181117390871142,0.0187074264330203,0.0529598642313548,0.0210075279757957,-0.00126917697133885
"Peptoniphilus_harei",0.0115823927588314,0.00445044504450445,0.00328032677811226,0.041139408359508,-0.00053372276862384,0.0133210567601632,0.0057881468330184,-0.00457276658115825,0.0103420549549812,-0.000482619315144627,-0.0012164456563228,0.00254022496814826,0.0359165670320674,-0.00318421187835273,-0.000732562087466181,0.00163048497569888,-0.00188096816325955,0.000168476600752153,0.0148526088697983,0.00821183537914184,0.0138614822802984,-0.00450365203089393,0.00525392802982788,0.0038463182305385,-0.00235157101254186,0.0132935614545024,0.00264827811365474,0.00187632280894153,-0.00373407607508993,0.0178664245895808,0.0040995310613698,-0.00115489599424435,0.0188530146177129,0.0186746224635101,0.015125498231075,0.00143157133816831,-0.0038851080108172,0.00113800769807951,-0.00116979000285334,0.00502680611556652,0.00958166836466818,0.00485197604562549,-0.00107508239581034,0.0250368027826007,0.0524925041586418,0.00141169488454077,0.000567095810711241,0.0220431358024076,0.00892496662483084,0.00111240382927602,0.0142616191530971,-0.00285366797480461,0.000987002658828839,0.0190306863610601,-0.000807935682786165,0.00293927017242256,0.00433156175299787,-0.00339140961287435,0.00383618090647716,0.0246031422915008,0.00937391586389815,-0.00113824033162087,0.00744027477378032,0.00285554849676642,-0.00345091507454147,0.00254882749661693,0.000428259032307966,0.00461275517186485
"Bifidobacterium_breve",0.000772929036943815,0.722858492745826,-0.0163133736554547,0.0424832038292908,0.00990660723291885,0.0140879996628891,0.0174924116084237,0.0148995210921757,0.0223588223610732,0.0142384101428384,0.0154559279429907,0.00643260198111547,0.00294498488117082,0.0225816966691431,0.001920802351877,0.00623618141258789,0.00380203701047972,0.00873689462059136,0.00661634728165537,0.0018970308370772,0.00361341385651924,0.0107208109418299,0.00110990287424726,0.00449678374196049,0.0178605364330335,0.000345778499254578,0.0185870199902374,0.00610037020205563,0.00103475650821283,0.0016893082936087,0.0183563093300915,0.0184383507485012,0.00977600873503117,0.00382339123275884,0.0134185231778663,0.00490384312368488,0.000672211628686737,0.0172621457222065,0.00183083758558639,0.010592267174613,0.0317449076651711,0.0036072215734931,0.0188342669047762,0.0119640331477653,0.0853558796711066,0.00822352371291492,0.00359042519318824,0.000564511290961465,-0.000222871159546565,0.00720162721024691,0.00167747374474022,0.0200929147059152,0.026009517007788,0.000562748543693434,0.00380871656660864,0.0106025810079554,0.00348204554467186,0.0193047304152605,0.00236752398732811,0.00757886354965305,0.0150785268824414,0.0122798607750222,0.00363642469526306,0.00386599417484173,0.00898118647136548,0.00224034590409257,0.0198240010532964,-0.000948334728199885
"Streptococcus_anginosus",0.0108523968413758,0.0144514451445145,0.0129455752070033,0.0611325552237506,0.0104113199594194,0.00537269270927808,0.00305974744520647,0.00954687776772029,-0.00562509039119801,0.00667889390737071,-0.0209225251714437,0.00146637307096222,0.0112774331126681,-0.0138461595194713,-0.0111334182899909,-0.0116967677993815,-0.0100085363277659,-0.0133379037097893,-0.00354007004312013,-0.0106234637956869,-0.00872030137312261,-0.0092475687798135,0.00240515819213856,-0.0112438411381693,-0.0112367580336515,0.0109544727737677,-0.00649117136836979,-0.0128483842564349,0.00683632732781984,-0.00369026025616727,-0.00732640222486117,-0.0110404670271392,-0.00914601236435423,-0.00999222977399983,-0.00462721028557421,0.01362282294972,-0.00761441532693155,-0.0165652798195303,-0.0103773859830496,0.0132337373173321,-0.0114389893822732,-0.0131592157115413,0.0108548646250284,0.00209202524571394,0.0255583409331555,-0.00127137181186432,-0.000848807384540997,0.00918241403482207,-0.0084388995278548,-0.0119040487935877,-0.00312354429364898,-0.0133772908121845,-0.00949852670618528,-0.00899593827193009,-0.0109394844281353,-0.0186115981018448,-0.00899410359800291,-0.0141668095543316,-0.00744565267290709,0.00285246577475086,0.0151378883510917,-0.0226429604887069,-0.0107815822507915,-0.012510145771031,-0.0220911161043425,-0.0117496387068215,-0.00907645006865916,0.00439624061364816
"Corynebacterium",0.024402258108714,0.00773410674400773,-0.013845437304205,0.0684192615380569,0.0141814729694725,0.0151906488320857,0.0114423068005878,0.0231420285363641,0.00380923316902007,0.00142910340928786,0.000610410653692701,0.00119850995538043,0.0216825298502731,0.0118445562203918,0.00206079530357119,0.00207941308334892,0.00815523018797927,0.00332831481209593,0.0217342630549632,0.00199467212301044,-0.0013506253221652,-0.000547571191110524,0.0177399474558502,0.00337912913988346,0.0134831078488516,0.00186485949760965,0.0264823159517428,0.0048604470818564,0.000833967121768434,0.0212344445728016,0.0199718266035559,0.0257935421747727,0.0260317387051132,-0.00300859712919168,0.0210904943529502,0.000858652977058015,0.00807746167612323,0.00224615643334338,0.00261013269368879,0.0250873216734041,0.000737197744304201,-0.000214168055300572,0.0253194179062644,0.00758847172619356,0.0267039309925322,0.0048742082061602,0.0059775484141273,0.00173028005563422,0.000154477817426658,0.00532933378755812,0.00324120959007124,0.0135716404915475,0.01151384438373,0.00623203537807573,-0.00129601862147106,0.00130283619557046,-0.00199250208827979,0.0196903416845512,0.0108179689426603,0.0236528970865028,0.00776874456199258,0.00555957702365493,0.0016779873845427,0.00460958053992451,0.00132781674271855,0.000106961095493104,0.0254838854544567,0.00531747135814263
"Limosilactobacillus_portuensis",0.0039738825129424,0.237960159652329,0.00722743970817187,0.0160019057084038,0.00823118341740833,-0.00482635330758247,-0.000458948324473805,0.0126289571268485,-0.00176207075532287,0.0198999734278832,0.0229018158902082,0.00149006452857633,-0.0034700202233453,0.00925478110439975,-0.00216880118226013,0.00214655321364881,-0.00114217113185507,-0.00439738338777219,-0.00294247410150667,0.00100296241356152,0.00260424763957812,0.000599375270416558,0.00127738257260989,-0.00399721040188997,0.00338579925960772,-0.000983680517841067,0.0471843490352825,-0.00339502606946469,-0.000984941627596419,-0.00128259114585928,0.00765567223210525,0.017520219764614,-0.00719430224055596,0.00174785154847643,0.00534532977935239,0.0059850362310071,0.000954169285278817,0.0090977559212738,0.00529806109002109,0.0065353166782444,0.0268926915703001,-0.00135069594641634,0.00733626230536615,-0.000999596623773767,0.00789435058470815,-0.000187706797123358,-0.00151515976784828,0.00313094021463244,-0.00296680964368938,0.0082947368230854,-0.00232644044419443,0.00599373945875834,0.0161772889205876,-0.00357326255584852,0.0043554329135002,0.00149259686145556,0.00133763765326679,0.0115827397759376,-0.00032555942139855,-0.00321192790394949,0.0117158607498793,0.019735594353248,-0.000873031754091435,0.00145437664696924,0.0165893954556854,0.00597849810705805,0.0273807959125345,-0.00236118901214361
"Ureaplasma_parvum",0.00123627166848289,0.736330299696636,-0.00296322142810421,0.00590733095828542,0.012181260864825,0.00571101217604945,0.00984580407705729,0.00176305219698086,-0.00428574978895999,0.0237169378528446,0.0167232892742495,0.00345342176462953,0.00881320075029847,0.0144721542275093,-0.00141969525470129,0.00917561875218146,-0.00040638644371606,0.00820766949565033,-0.0029446944598561,-0.00387357434717243,5.87490890734461e-05,-0.00357793779204597,-0.00479664762672162,-0.00235815216395613,0.0063578048627446,0.0177581047991665,0.0109119331021914,-0.000978292160204427,-0.00368687247746964,0.00640436533900869,0.00603659156108881,0.0112910402701421,0.0107904578392667,0.00268805523258317,-0.00310689188455952,0.00168393194028706,0.00101910718700921,0.0277803216536568,0.00794547568830888,0.0096048395857827,0.0103040644683013,-0.00255532758228093,0.00620064095084359,0.0159697617791114,0.0349183020073506,-0.0067984017295191,0.00292470504692282,-0.00195606169762891,-0.00512448133060533,0.00512778073642166,0.00439265311296883,0.00881670547882999,0.0184457638320543,-0.0037460863209413,0.000597534389660931,0.01056647994501,0.00671523529413543,0.00459968030861027,-0.00179846876274039,-0.00384982200637911,0.0395937372525229,0.0155903476772822,-0.00365215173309352,0.00127585517143516,0.0348688743873174,0.0116943744697988,0.039885234817649,0.00130303545451969
"Prevotella_scopos",0.000400358160842676,0.704375794722329,0.00239854260439308,0.00873742002930843,0.00173885009085901,0.0197447877470003,0.0181230203762324,0.00409649022724768,0.00413392377968536,-0.00209873634465518,-0.00370393673432766,-0.00119011246765986,-0.00198652693705217,-0.000989071397848857,0.014935933088569,-0.0135637823446657,-0.00470770405217368,0.00042639750620402,-0.00707247192020218,-0.00990722208798753,0.0383219808905347,0.00368350887262344,-0.00660174417750634,-0.00458076871748698,-0.000954782968930062,9.4501166304979e-05,0.000205880419585656,-0.00670610506525981,0.0092195463216419,0.00508459664470431,-0.0021088589881827,-0.00292090045515615,-0.00339504192460868,0.00827686819061371,0.000732978393693335,-0.00334975541185392,-0.0030060057943976,-0.000471312343909233,-0.00818447874816936,-0.00113174850292127,0.00624077289795276,-0.00695084143798432,-0.00167217992953424,-0.000224289904988242,0.0109196776296388,0.0368887576098854,0.00542406161039693,0.0041174118467396,0.00178659240724608,0.000621264936437802,-0.00378493010249233,-0.00210957196377688,-2.04277200755362e-05,-0.00603645025764705,-0.0074192744885857,-0.00413739269525278,-0.00573235727611469,-0.00160176415643707,-0.00224283679659638,0.00637793336947522,-0.002871345052786,-0.00384842205463614,-0.00350297022656068,-0.0065153500497857,-0.00370393673432777,-0.00806263584531056,0.000549926552933932,-0.000866911921850275
"Chlamydia_trachomatis",0.00662902444694683,0.183263326332633,-0.00382301086979574,0.00925377317148735,0.010049135602221,0.00524852543024884,0.00651107555498108,0.011754174846608,-0.000705858190959732,0.00377183672441624,0.00947641556174814,-0.000280862647391087,0.00113587890011286,0.0202497882558728,-0.000508462063874728,0.00280023640579564,-8.73937471775356e-05,-0.00242563257863726,0.000932420839475379,-0.000190220850673737,0.00125635322794876,-0.000490691730890221,0.000951341834561043,-0.00115551443729466,0.00922508637532046,0.000143156766086168,0.00841660074580095,0.000185908283176689,-0.000762125547564747,-0.000943649165464877,0.00592652597523195,0.00831623958500495,0.00369676784074516,0.000748502175870075,0.00468803476747464,0.00308925872574829,2.11547500336896e-05,0.0084831212975782,0.00634765820673491,0.00362516775593857,0.00653341147178363,-2.36841016266796e-05,0.0105972875217922,0.00587147244610706,0.00897679265600541,-0.000131158220914263,-0.00152258305993541,-0.00104587944573425,-0.00100224361234369,0.00247775640489436,-0.00146985482075467,0.0124476375511286,0.014960296905493,-0.00110234798036181,0.00243013261829731,0.00330146990402994,0.000595597658479133,0.00759598116979698,0.000280405942396766,-0.000910245009177749,-0.00247459181834189,0.00525571884011269,0.000100367268844038,0.000421618574514916,0.0101010246593263,0.000794797276169956,0.0085739551893848,-0.00129417772943183
"Peptoniphilus_vaginalis",1.45667877413015e-05,0.936636740597137,0.000458200145967651,0.00767063927166222,-0.00106368717118042,0.0081614626069831,0.0101579682755968,0.00236255405983064,0.0221465356139735,0.00248759214541172,0.00126924250644949,0.00611565449423736,0.00771073115164973,0.000719724706858619,-0.00424575226288908,-0.00730278401072257,-0.00641289534220526,0.00827122935291495,0.00259298931421243,0.02601441790575,0.0432186037114945,-0.00715128704914091,-0.0037863859362417,0.010771383731689,0.000703028281773272,-9.84852004092991e-05,0.00251926895506052,-5.42157918883329e-06,-0.00898196401746823,0.000667881922315902,0.00114020626381216,-0.00100039580622219,0.00858992747176195,0.0498191258091864,0.00440807442926646,-0.00187210420345227,-0.0076744133803512,0.00455850930586952,0.000176746488592137,0.0043673791914695,-0.00154489206697671,-0.00704956483791029,0.00212291331407135,0.00410100861889007,0.0292644900778237,-0.00703598754586097,-0.00809594674147018,0.0481391733562187,-0.00717758809552608,-0.00119590118389849,0.022993456644495,0.000177310291426375,0.00185051670334008,0.0420265849672496,0.00398325984368152,0.000605487025212175,0.00185746905559577,-0.000109952268636683,-0.00528654378484037,0.0330432045707321,0.00500335597396481,0.00118726415126625,0.00748064804811114,-0.00286920909333699,0.00920731489790678,-0.00145987008875164,0.00122627202160622,0.000102212631296944
"Mobiluncus_curtisii",0.0054803280610741,0.130813081308131,0.00768610266564229,0.0199914122518492,-0.00101951182608814,0.00427415370123259,0.00117236100022543,-0.00241295559059822,-0.00173387194936583,-0.00174666277774341,-0.00298638876806101,-0.00274747398769387,-0.00175657742045039,-0.00851396218879081,0.00208888589729793,-0.00323065076440475,-0.00196498051294605,-0.00220197497117043,-0.00114559829290437,0.021284957779255,0.0304059907038811,0.00067451031862782,0.00533621192148376,0.00605051458433054,-0.00675301695497907,0.0107714549698561,-0.00662725598236735,0.00115918751831464,-0.00744378778436376,-0.00494584395347716,-0.00543782010933578,0.000375210794553527,0.00275204181787442,-0.00590337329825608,0.00444476034587609,0.00037782355141335,0.0036260885903085,-0.00573555387277746,0.000463244914345735,0.00321502631558658,0.000372805682325584,-0.00549766751955948,-0.00464307195701414,0.00804285336671411,0.0213222425492871,-0.000761968484916869,-0.00218494133993005,0.00406012227438438,-0.00295869954112798,-0.00457110945373045,0.00368099299240335,-0.00780009101215414,-0.00202862595405873,0.00884940374097859,0.00513281651677318,-0.00133007043230643,0.00614218768634835,-0.0075712839066086,0.00232004800409549,-0.000398852164583137,-0.0041454285092792,-0.00450356795324749,-0.00305507336236438,9.67145187318843e-05,-0.00554456942054064,0.00452341012476819,-0.00335107322339179,0.00208883417902866
"Lactobacillus_acidophilus",0.00549938532604322,0.279439943994399,0.00319240110331493,0.0481940578459306,0.00158791786714247,-0.00390757264505899,-0.00306672094502704,0.0214202323892167,-0.000218414927620005,-0.000116668162043016,0.0108789170248695,-0.000372774711288669,-0.0230238492769985,0.00519952983506167,0.00179885313126694,0.00247464447776447,0.00109986941093394,-0.00229644894484249,0.00154072233723395,0.00123509645671634,0.00289395355773425,-0.000844657077709448,0.00147378282784326,-0.000532961628156815,0.00496596554502387,0.000659832923992918,0.00718747401774892,-0.000165898532777544,0.00122588483116609,0.00480446265516587,0.00747528942307066,0.0118512050573646,0.0186573566699681,0.00393482496675672,0.0110834793051987,0.00348428268962988,0.00441222469300884,0.00676492656485256,0.00515364706860336,0.0110594992885679,0.00447531345187717,0.00135286699282406,0.00718012593329955,0.0205385455711368,0.0203689947462561,0.00417507934912155,-0.000281930682983655,0.00153287321322058,0.00288572691484473,0.0017504506124583,0.00319840139486466,0.0054742893773466,0.019583659272411,0.00323872484389854,0.00495293193734106,-0.00259633415715985,0.00125042771937411,0.00502278286402637,0.00461778705247947,0.0103666855570385,0.00213786489161027,-0.00117904253330456,0.00067946258237627,0.00181502367059593,0.0179425294939859,0.00539725332297922,0.00423598197311655,0.00200909431460651
"Gardnerella_spNov1",8.95043707416252e-05,0.922418557645238,-0.00214500208536794,0.00113125818123729,0.00616592384788173,0.0187529084670986,0.0229487129842815,0.00787220814652671,-0.00298258695158527,-0.00166563773929234,-0.000631637685946612,-0.00555286782777963,-0.00422457008393149,0.0035896084336272,-0.000722928975724936,0.00305299724323822,0.00251740717075869,0.0174995721891176,0.00394870493494,0.00418167420001551,-0.00765284465586188,-0.00449429308641422,0.00301707121298458,-0.0047487075700226,0.00360964961738392,0.00322795917675048,0.00272668559226589,0.00418725423285056,0.00172109451257503,0.00418693363737344,0.00303431845477964,0.00339902195042873,-0.00234643069339633,-0.00254352505084557,-0.00212940558562908,-0.00252058622801215,0.00109593922390466,0.00469141311477499,0.00415433497664474,-0.00191805475814811,0.00190470886894364,-0.00268764030568075,0.00202536392318669,0.00434545239684531,0.0213250466631638,-0.00595118190374028,0.000573292028089794,0.000411406521201514,-0.012954617661878,-0.00461893040385273,-0.00160986243612946,0.00362090581706624,0.0020680405572994,0.00396865056510552,-0.00370623303378048,-0.00271297695682497,-0.00448999912210594,0.00202536392318544,-0.0016387705068605,0.00091292362148032,-0.0041006805373029,-0.00410068053730287,0.00242358907087884,0.00904192974448497,0.00875505533390327,-0.00276887958938331,0.00452945997405953,0.000239276324364998
"Arcanobacterium_sp000758825",0.00087579476142924,0.704375794722329,-0.0082006955854653,0.0142437990321767,0.00534312189770325,0.0173095992834607,0.0151118250499339,0.0155295556849222,-0.00416132674301647,0.00468641817540512,0.00326129824673725,-0.000400032504627267,-0.00687995847327987,0.00939800615655361,-0.00323277716121334,-0.00367824832155322,0.00298329400986778,0.00635551446045963,0.00102662432708273,0.0319437117733522,0.0389506803519644,0.00507892799335677,-0.00598666880050761,-0.00138477709538967,0.0091678898274347,-0.00412003614327018,0.0114735066740792,0.000113217520738678,-0.00618331076956554,0.00577078679392871,0.00919070228738214,0.00846581724257125,0.0115441796214858,-0.00731555200521196,0.00350623600430371,0.0167322652969414,-0.0046733314906194,0.00484070345015063,0.00344791541864214,0.00937104997396395,0.00215744033276003,0.0166938164618207,0.00881598720280811,0.0137763062905054,0.00895346569213324,0.0133019172230514,0.00994893719293223,0.0328749554819708,0.00265953126110831,0.0144057127450835,0.0205598523694303,0.00841609814696689,0.0130707671491232,0.0328859636253061,0.0163290414544038,0.00285757368776151,0.0133499843706621,0.00798699953276008,-0.00013732409029514,0.0158369190860291,0.00511283263618012,0.00299404007277586,0.00984113945653237,-0.00219342875967463,0.00260859525008608,0.0150783436985386,0.00880216856999718,0.000960418003713933
"Peptoniphilus_lacrimalis",0.00197980787187941,0.581270031765081,-0.00669323552005217,0.016330445676795,0.00276269722276944,0.0216980241244462,0.00979649198427708,0.0024185269496768,0.000599814128485736,0.0175039609754221,0.0132161517861468,0.0054879348053981,0.00894394304079722,0.00696659763080049,0.020792006274348,0.0192334821435142,0.00511284606276382,0.005494350471482,0.0023009441871224,0.000563497386682205,0.0220554015429528,0.00846917396049024,0.00781605238962794,0.0248755489077546,0.00666478352776238,0.014627336237659,0.0111935865178231,0.00723954092122622,-0.000463871044129395,0.00852737126521655,0.00794856630642085,0.00924909595447754,0.0141050517208532,-0.00735946757308127,0.00881644500299665,0.0401108442020558,0.0156628803595087,0.00562993780253022,0.00190443606612963,0.00397967623697725,0.00876493125117986,0.0296799646071784,0.0058377480561652,0.0139116476864788,0.0132323784228132,-0.000207610855865816,-0.00148078182902264,0.0179864933906053,0.00313336543477139,0.0223038005159323,0.0319320627447295,0.00681826477186148,0.00692035733154529,0.0323135672719317,0.0102774560864529,0.00393053829728209,0.0321463336829057,0.00622465843973037,0.0118238217036892,0.0125899874316666,0.0209616837618358,0.00746984282070113,-0.000231429735575739,-0.00460748939257914,0.00373133984348089,0.0279932681013477,0.0139878107534857,0.00171097492777583
"Streptococcus",0.000287839203366373,0.923141914191419,0.00228552352829281,0.0171340855798886,0.0141132408690174,0.00452154093566799,0.00183030091753371,0.0138046684710182,-0.00266208385981851,0.00958895468769966,-0.0133433439450428,0.00385454257874576,0.012247740860247,-0.00163237116330299,-0.00161463731599104,-0.000837012093384356,-0.00309827657120365,0.0130712221999398,0.0221228984461253,-0.00313969565644127,-0.00205904847514222,-0.00160160953408147,-0.00328675411975584,-0.00337426462092005,-0.000583211528995009,-0.00157035927659428,0.00485155710319329,-0.00894545952604627,-0.00264667887788444,-0.000190380891627072,-0.00137819127770432,-0.0018550580106892,-0.00467372294528854,-0.00471937322222341,-0.0148315194904188,0.0208339987151582,0.00590829761095835,-0.00344219432873222,-0.00242943894831922,-0.00552317585770548,-0.00739963975236041,-0.0029877740432753,0.0230378538504042,0.00512392313650431,-0.000268121414575381,0.00692984441466733,-0.00275380806079335,-0.00106864505020339,-0.00284761202852148,-0.00982346266421868,0.00334280147027804,-0.00106417494985701,-0.000880851419057202,-0.00179096952353285,-0.00358761797118253,-0.0163987643973104,-0.000651045724049506,0.000257073479421547,0.00948592781508678,0.00511315462791075,-0.0117438754632365,-0.0159824690914389,-0.00071472681844838,-0.00442087019487327,-0.0163647130304859,0.00540011060094555,0.0128876808838368,0.000462858596999219
"Stomatobaculum_sp002892395",0.00520951134015256,0.178970528631811,-0.00143534223358513,0.0239564498629359,0.0119216892095506,0.00672374456374714,0.00645316368224472,0.023618971778492,-0.00195679512942094,0.007886937860483,0.00902584076835268,-0.000944764857094358,-0.00610402843834337,0.0148618386902753,-0.00279851389220687,0.00619366796390003,5.06874441814905e-05,-0.00532278212563404,0.000730393517024941,-0.00016404090057465,0.0280124863586496,-0.00141432441237229,-7.08918166779628e-05,-0.00270930454083154,0.008513864654547,-0.000143235229217669,0.00759118925285977,-0.00244121375706286,-0.00219503217004548,-0.00243651754926748,0.00388330163914958,0.00990786676657504,0.00447475720285105,-0.00126772859831695,0.00123324028142821,0.00454068148114478,-0.000120290936507162,0.00367287976042941,8.35058736987631e-05,-0.00167714456027278,0.00608562109681031,-0.00125431804753742,0.0121117813054531,-0.00289780546752917,0.010589228894391,-0.00296905087028838,-0.00184769971825877,-0.00263548015731683,-0.00285856161051805,0.00393664028658713,-0.00178182119669315,0.0120384728054494,0.0111051966773971,-0.000730392562605483,-0.000283174151540004,0.00101073937684906,-0.00209954418020705,0.00737056462307799,-0.00115878979174576,-0.00282913861769552,-0.00434961324058117,0.00271241510356218,0.00121665072088408,-0.000378960150345476,0.00422855362452445,0.00428697670499282,0.00780957234415379,-0.0016687518751291
"Limosilactobacillus_fermentum",0.00136189552118011,0.556719774541557,-0.00210655928125555,-0.000981697293989715,0.00721325408687816,0.00243511638501857,0.00294315386703264,0.0104319703006243,0.000633550667009484,0.00372850436855523,0.0039723819432152,0.00270085993415081,0.00552572939587059,0.0101476139838604,0.00131958633179889,0.00367605249856673,0.00193846493436094,0.000320612706564724,0.000682046653570521,0.000703767533965131,0.000853750777159426,0.000517584259078492,0.00130953352258916,0.00083531347309338,0.00819198970373193,-5.19635568802374e-06,0.00967902891613076,0.00191439667995435,0.00116448010302296,0.00158655011847327,0.00869771834545789,0.00830872011032016,-0.00129857082654888,9.30122318780223e-06,0.0131498200319382,0.0056787923701074,0.00165468320034584,0.000172324813572731,0.00110305949681566,0.00315678358000372,0.0051258617229985,0.00184734451431095,0.00538126126359696,0.00182376001964914,0.00231393376814908,0.00338650953693459,2.48216524265321e-06,-0.000668017009459218,-0.00044192783431081,0.00277080759326104,0.00102002790585193,0.00728014228342983,0.0136759687988164,0.000456235175458668,0.00128613776532099,0.00489081353911966,0.000300583715904732,0.0141426655686315,0.00680232962932176,0.00210726821625003,0.00194537255209794,0.00315685320112934,0.000915565175046153,0.00184055100812083,0.000822604157489915,0.00143504355940039,0.0136837943154049,-0.000505732728953867
"Lactobacillus_helveticus",0.000106174041670989,0.879181324725879,0.0119677947908333,0.050586353097796,-0.00109458115679324,-0.0107633908911378,-0.0104888166827753,0.0151387135693058,0.000231257955036564,-0.0101407149615252,0.0195146762770416,-0.00439897327818041,0.0516653994628687,0.00557870257239124,0.00180855585801269,0.00542380491712028,0.0046487301207409,0.000241083665625068,-0.00635137796244796,0.00240705389180686,0.00211300808544348,-7.68960814056618e-05,-0.00130216522923277,0.00390639744677202,0.0011812987485111,-0.000955887543020561,0.0110219122673087,0.00346565725697427,0.00211912896247779,0.00237596347364882,0.0109762432479506,0.0125286162056504,0.00433897044300265,0.00017798186632992,0.00551589610812625,0.00693272691896087,-0.000244066681545048,0.0154715551661366,-0.00165426019945691,0.000564413317940761,0.00673184192023412,0.00264137553523339,0.0116213407133663,0.00239464555526669,0.000889912813892133,-0.000956142726128597,-0.000711476914776717,-0.00114440304899367,-0.00152668101255341,0.00755453691814036,0.00347195888378542,0.00160411507254812,0.0073119251436073,0.0013016303958888,0.0054815811600677,0.0376939393778407,0.00030424484534689,0.000277945452780658,0.00606413091977257,-0.0057450688441035,0.00756657836924037,0.00297380858543939,-0.000409264443664909,5.49254466407935e-07,0.0214474415039497,0.00532410561237693,0.019569238209468,0.000350564182797424
"Anaerococcus_tetradius",0.00147427450443875,0.736330299696636,-0.00529910891880266,0.0245997119225503,0.00191867884940477,0.0154063888325828,0.00712246160871453,0.00414096644550893,0.0195860699372118,0.00435792835298995,0.0039517679122315,0.0243597773626296,0.00279231527144595,0.00809541967924487,0.00411713171459997,0.010270198831218,0.00762978886876345,0.00402273574895244,0.00321273151888843,0.0157681386383113,0.0215828213783254,0.0260956178261627,0.00724845244366072,0.0235413405947084,0.00505229709096454,0.0131579751590967,0.00482742830290356,0.00603529179372453,-0.000981362394526894,0.0137862146215348,0.00712887127094287,0.00816580447425767,0.00597209730570972,0.0244830034185731,0.0110435552245517,0.0277037255662146,0.0149805501650693,0.00818130895095962,0.0171884982096486,0.00630841953320094,0.00761030949300396,0.0014385246005728,0.00559796828263763,0.00275544919485976,0.034079071232186,-0.000725994777444365,0.0002407339716603,0.00954786395269924,0.00221054684746884,0.00201466880511295,0.01039200364098,0.00488245500244372,0.00752664940325898,0.0180854006370996,0.00223255563079647,0.00338043006939737,0.0131384497594758,0.00524627742362211,0.00253151841251825,0.0110891450057282,0.00456355412439893,0.00331221143202705,0.0109110744093856,0.0039157389359659,0.00405775591254992,0.00490307098280266,0.0227885415778716,0.00124996174907544
"Haemophilus_parainfluenzae",0.00487759112623449,0.529175139736196,-0.0040539252894678,0.0310534406476211,0.0062237958186849,0.00369416072470608,0.00356100838557735,0.00556657328016435,-3.01589593162729e-17,0.000985280750235109,-0.00266278743310761,-0.00133139371655387,0.00466424710243727,0.00356100838557732,4.74288451411955e-05,0.000553020458758247,0.000254490809470307,0.00961193992835739,0.0098528711909421,-7.33597294708066e-17,0.0007696491564037,-0.000113082958812368,0.00083784088846132,4.34114464611346e-05,0.00411793379127402,0.000914788737299621,0.00222620025270868,0.000349955535288198,0.000100702435809949,0.00199937029041963,0.0040539252894676,0.00353352192474418,0.00506270878870549,4.31682577595277e-05,0.00312433834868834,0.0125046563276635,0.00383693894540337,0.00207568474072256,-6.06331409496124e-17,-7.88032533787882e-05,-0.000951160681083534,-3.32880847822173e-05,0.0100338710380576,0.00257442436333629,0.00257040523349683,-8.12705818864944e-18,0.00363010286998718,0.000293483121531416,-4.8168978437788e-17,-0.00139796988611825,0.00710518959793441,0.00372531402020744,0.0167024032411983,0.000205871881180348,-9.98642543465927e-05,-0.00216987052921717,3.11532955013676e-05,0.00469321545332358,0.00162446879384551,0.0066343566593484,-0.00141785754941232,-0.00249848179847749,0.00013776593893082,-1.50312749374454e-05,-0.00177607285586536,-8.80538953141692e-05,0.0047663504512554,0.000985833807780931
"Prevotella_seregens",7.11115932018861e-05,0.923141914191419,0.0116839676874211,0.0061300362627924,0.00223495170368245,0.0177362605578388,0.0139880858610495,0.00247600954775215,-0.00734379820470407,-0.0124855376151784,-0.0115663314244258,-0.0121515168706119,-0.0109991797015671,-0.00911822749315271,-0.00793879223591956,-0.00441532962852386,-0.0110888544702526,-0.00771737033224041,-0.0151466887332771,-0.0116660768279904,0.0188770572077718,-0.007938626817604,-0.0150806766325223,-0.0137126157981115,-0.0105921050547518,-0.0117357074087686,-0.00906001929210962,-0.0126248363825804,-0.00627679489222772,-0.00961480572635345,-0.0116839676874215,-0.0100867773322459,-0.0106239955766815,0.00502329797383976,-0.0125040241393791,-0.00850037485606155,-0.00787670697518845,-0.00822770438168906,-0.00657659630517177,-0.0101141056960198,-0.0138692707409509,-0.00983335149146395,-0.0115031743043684,-0.00634900040269002,0.0100790666616628,-0.0114272724807823,-0.0119276736627837,-0.00985180597398691,-0.0117925615299322,-0.0102490195689473,-0.00858128617750586,-0.00991967421473269,-0.0124613320997045,0.0114860728115305,-0.00525646756037391,-0.0139189193911042,0.00224857803656204,-0.0115031743043695,-0.0128777967659289,-0.000675421258105122,-0.0134229827924354,-0.0137983904690698,-0.00233237377228354,-0.0129746955162627,-0.0120595070226158,-0.0140329348983296,-0.00907909300997589,-0.000361586766103539
"Sneathia_amnii",0.000692409343429216,0.691996650645457,-0.00425618619171864,0.00722397049554053,0.00876042754858501,0.023338925709395,0.0214546039396371,0.00945849937463565,-0.00492249043083851,-0.00271867339386675,-0.00266914546254456,-0.00143538900691848,-0.00309388563113239,0.00618740871666477,-0.008980849512344,-0.00967840518409627,-0.00124972348383163,0.00036052231438526,-0.00528213639362116,0.016837461286977,0.0308862284830668,0.00323289498003813,-0.00886522353400814,-0.00449881061113365,0.00537318781184925,4.72956017641707e-05,0.00634727036671765,-0.00777183077232151,-0.00525467461768674,-0.00533018681174592,0.0042561861917183,0.00297916464055321,-0.00398068748732924,0.00121666390943552,-0.000814436715186814,0.00937067524812552,0.00185440820905082,-0.0014215757339779,0.0115763364089506,-0.002811530686879,0.00575896191248506,-0.00241920807024021,0.00477974006125708,-8.23425494224011e-06,0.0483014107819315,-0.00432980283756571,-0.0088658797926643,0.0207363078259931,-0.00239731737200036,-0.00152679286989133,-0.00460547913400314,0.00460522210474315,0.0127292157179502,-0.00310266916818621,0.00172017692356501,-0.00450424135686696,-0.00189664645962058,0.00580223302100944,-0.00486961675443396,-0.00165352199493059,-0.00343553805920568,-0.00415520544384206,-0.00846010387173393,-0.0100957174557496,-0.00398068748732957,-0.00225932737189106,0.00677027984533772,-0.001047107739075
"Streptococcus_salivarius",0.000687081673639676,0.831289226483624,-0.00110839282499242,-0.00804218963475506,0.0180742178683172,0.00991873852050119,0.00784999014109601,0.0190316494077976,-0.00431917998397741,0.00744038354726632,-0.0162191452383611,-0.0102441254676481,0.0225487210795324,0.000716687801280639,-0.000933640265288988,-0.000564925361269454,-0.00481280180513637,0.00895234542544203,0.0305278627761522,-0.00130058343139542,-0.00169970625420328,-0.00391775163592766,-0.00258749545204851,-0.0029753234028293,0.00274327629099378,-0.00131748052547116,0.011621204605104,-0.00915795638786208,-0.0054289298468428,-0.00231976586224724,0.00110839282499191,0.00167608634622911,-0.00204251784871113,-0.00603312938873487,-0.017063433755933,0.0125238235745248,-0.000642820751063348,-0.00485835198403175,-0.000728274765356431,-0.0164702497870678,-0.00546421234498822,-0.00442067898400091,0.0480735192232634,0.00343424851203864,-0.000799538413516607,-0.00370181996311216,-0.0029593864042226,-0.00139801392868363,-0.000154119971562984,-0.00989737573162576,-0.00149812231092475,0.00134502674503893,-0.000769074106757278,0.0039680653162159,-0.00475722700898116,-0.016965825043325,-0.00211213801888665,0.00633661074789773,0.015906621128254,0.00619945202247069,-0.0150626698311761,-0.0164003571078005,-0.003234829373836,-0.00327129530370945,-0.0166867817950167,-0.00366119010355022,0.0243800459726333,0.000783410047423472
"Limosilactobacillus",0.000157018398538946,0.923141914191419,-0.00651249692892741,0.00403013935457917,0.00412060421303338,0.00655979988518972,0.00675828236037158,0.0164458420176684,0.000187494015191596,0.0280450213180177,0.00833725729302595,0.0174417957549444,0.0728132217731097,0.0456630689394125,0.000284537775456115,0.0136335724386184,0.00084013317032262,0.0193824034900873,0.0036413872063842,0.000407747738940175,0.000198482475181518,0.00459015551593887,-2.81241903625925e-16,3.72998826149928e-05,0.00770715738160192,0.000937304185753794,0.0123903016727334,0.00343322634525004,6.06845704941596e-05,-0.000245785431444203,0.0082316754185303,0.0153563838034885,0.00408880784628552,0.000148861856386252,0.00562575352221417,0.00681148019441628,0.000772743608580923,0.0036678292005961,0.00219228487088606,0.0227775619967066,0.0285355650785041,0.000214591437237327,0.00847795760658623,0.00438725913318853,0.0260648662324984,0.0134897699304026,0.000365416670228981,-8.19284771482633e-05,0.000290639154710359,0.0052240185752637,0.00311277087790212,0.0142895255701441,0.0193825583257858,0.000377842003508342,0.000413451006360232,0.0559950746906951,0.000567069971279662,0.0107260070961501,0.000375655329462544,0.00177945538577523,0.00255574967018981,0.0275984116028495,0.00171422722231454,0.000148861856386235,0.0130866834939768,0.00463235892502,0.044006712156717,-0.00049157086288807
"Corynebacterium_spNov1",0.015055980991665,0.0174267426742674,-0.00576675814583593,0.0326586119002536,0.00585184620676238,0.0077775958436496,0.00477387685661724,0.0145686016351487,0.0029816467540834,-0.000715187360935492,-0.00107796935014524,0.00157039746830688,0.0285274561007902,0.00477387685661721,0.000653428991240912,0.00187784311787333,0.00269764898126991,0.00186986621403519,0.00106118166426496,0.000972896492028104,-0.00290544992235203,0.000119555727414055,0.00173219641964517,0.00219263609128042,0.00514677961992869,0.00171207934182769,0.00249230102462363,0.00408179193463921,-2.30170302955519e-17,0.00620331464975204,0.00576675814583574,0.0106567819659114,0.0158460084730366,-0.00225278924027432,0.0139178248762617,-0.000269492337536402,0.00338275384534133,0.000756272338420132,-1.00330974288042e-16,7.16348230951209e-05,-0.0001086682631936,-0.00049914716112765,0.0110164053400067,-0.00107796935014526,0.0133820757108923,0.00185017430149414,0.00274005014837327,0.000534260027829606,-7.75087805342339e-17,-0.00155074011536936,0.000641993571707043,0.00510483728635672,0.00358040764246285,0.000271126044762639,-0.0021035125563406,-8.50880609265456e-05,-0.00161622146181779,0.00602976528092841,0.00148054725084891,0.0127299834656493,0.00424286679974229,0.00465386478458783,-0.000221224561443043,-0.00111524632549202,-0.00107796935014528,2.22457187281433e-05,0.00640033910289337,0.00198576257843744
"Corynebacterium_tuscaniense",0.0139417525988172,0.0256525652565257,-0.00576023714480911,0.0458717154349391,0.0090038098918804,0.0096546398723422,0.00490840875967807,0.0113832271825262,0.00436884262093494,0.000344581006833251,-0.00189329499972939,-0.000442975626719387,0.0277135070565669,0.00647320289399263,0.000847204135585365,0.00339553562802479,0.00906963761341289,-0.00247619324970818,0.00463303505501714,0.00109889696729711,-0.00283955768829184,-0.000238988848192242,0.00112628500310743,0.00297000682234295,0.00621150473573927,0.00226981864647038,0.00683366397945116,0.00148792944901237,0.000154983192249393,0.00949774106112291,0.0084695940583397,0.0154283859827798,0.0108220159262596,-0.00267539635149128,0.0121396025618604,0.00338562666550768,0.00485602304190596,0.00271393528151957,0.00433118138983257,0.00832514834368726,0.00274783968080836,-8.00582507917201e-05,0.008970284141926,0.00770918946948673,0.0233701711213821,0.00484014505711408,0.00314052561127597,0.00143608678205092,0.00216562943317529,-0.00365064729985678,0.00181046085075017,0.00759961158883388,0.0113033765894179,9.50843544205071e-05,-0.000780451699295363,0.00359112734546518,-0.0029345860991982,0.00571036599251419,0.00353392057978896,0.0155568493395253,0.00526281170693984,0.0027065009847298,-0.000218341192351839,-0.0021314270660003,0.00121441340521132,0.000986188527215327,0.00698090278847808,0.00257302851132069
"Parvimonas_micra",0.000296565961689917,0.785456157556054,0.0048044038020853,0.0219330838388319,0.00305078747772491,0.0180324914324321,0.01448767322727,0.00356340123379768,0.00293515659548427,-0.00522475570256242,-0.00532010161899991,0.00120048685868653,-0.000720560629834238,-0.000168068260844546,-0.00495655662676815,-0.0144467480576249,-0.00619461723155089,0.00159715148162117,-0.0061842884076439,-0.00304389284721167,0.012813579694866,-0.00228210280578454,-0.0078627512441872,0.00131076357824116,-0.00490267559120495,-0.00197481389242649,-0.00357138707511582,-0.007924524430562,-0.00738575656377138,-0.00491632173525183,-0.00413602759379668,-0.00345681696368179,0.000485372603657949,0.00252921459887619,0.00161915255656589,7.34741333160137e-05,-0.00663763480532508,-0.00368230736103242,-0.00114561922460547,0.000842222485315074,0.001202690508349,-0.00250247079013792,-0.00506061825402475,-0.00130352278672497,0.0192848022289434,-0.00707807364280435,-0.00681360306152499,0.0100292761059973,-0.00508249668893476,-0.000442706596988006,0.00299028990013884,-0.00497521343671281,-0.000631953519716477,0.00563496030427668,0.00158123561648404,-0.00785519127981084,-0.00293807605314563,-0.0049078325095334,-0.00656581979393248,0.00246717637782167,-0.00131571566372676,-0.00731191524088708,-0.00312951189010259,-0.00701768757759027,-0.00527468415897429,-0.00320232538466135,-0.00198869037396737,0.000512428903880991
"Streptococcus_parasanguinis",0.000337741553913318,0.922418557645238,-0.00237465764422829,0.0143990362722981,0.00834670309700135,0.00381776268002777,0.00270032110184049,0.0081512365929265,0.00146796581665604,0.00625612364942317,-0.00465330692105975,-0.00272409979119877,0.0197538949504677,0.00222805776617207,-0.000206290868406217,0.00291243646970929,0.000764809310271716,0.014281792999702,0.021742222088432,0.000295525333280908,0.00130286737607306,0.000617757627100152,0.00167262734139518,-0.000405314237582177,0.00320131166117703,0.000295441796176284,0.0011772816882967,-0.00251136016744891,0.00106853617869037,0.00349962549986201,0.00237465764422805,0.00231884247039265,-0.0048554079032604,0.00029779097459161,-0.00442653366626957,0.00912130852342362,0.00270666613815216,0.00622909651369796,-0.000415324816197804,-0.00554993005038046,-0.000129015827222181,0.000600771672811887,0.010047541700044,0.00315149727165767,0.00379605889220339,-0.000472263335668406,0.000644615124252486,0.00121144192212751,-0.000366058976686205,-0.00293451236656006,0.000196884203566586,0.00260850411307204,0.00155297749071191,0.000133948055475219,-0.000901156207220742,-0.00597204545277316,-0.000673910383981125,0.00430703880748425,0.010497123439769,0.0066441903261207,-0.00466696888351836,-0.00606977870481066,0.000253587110057359,0.000908114214439252,-0.00589103013946407,0.00084440481105366,0.0180934681500096,0.000293199756112442
"Staphylococcus_epidermidis",0.00345275681217454,0.535637774303746,-0.0120176880940872,0.0326459669500054,0.0175752929077307,0.0128898742123885,0.0118725523802622,0.0200955158035227,0.000314052924030839,0.0104680851698736,-0.00318439925030682,0.0100613227595854,0.0018971342449046,0.0130003830704123,0.000184349711612811,-0.000553089841491192,-0.00045030512629169,0.0053625216597183,0.013707013073603,-0.000367378345817659,-0.000857016301716023,-0.000284672718914776,0.00471912577634406,4.46528097502384e-05,0.0135942444982223,0.0024570444402765,0.0219536859236267,-0.00169182458240667,0.000576999481875447,0.00410145421930775,0.0205115820292845,0.0148424147470744,0.0172052085461359,0.000698549664330832,-0.00192592009689435,0.00655189229775853,0.00380288465350262,0.00786293907768066,0.00265770026685312,-4.97600663435159e-05,-0.00044965240831262,-0.000689390834303136,0.0249845667318467,0.00279372711299338,0.00728697172053141,0.000804362267548474,9.02318529198399e-06,0.000344761566018165,0.000941483437599607,0.0025760173280694,0.000342183032098226,0.0129320301157248,0.0161584209726314,0.00486539159522797,0.000528008716900648,-0.0029734791335341,-0.000687893330616079,0.0141084473853662,0.00788483681964164,0.0081232676571845,-0.00350275370851368,-0.00184475030243295,0.00150741636018146,0.000463505608277433,0.00242259681831143,0.00476471473328934,0.0335869222444576,0.00123783258639561
"Corynebacterium_sp900539985",0.0188882493422884,0.0144514451445145,-0.00844223377599374,0.034324812289865,0.00935083595982182,0.00668768272990866,0.00742824010951354,0.023630468350742,0.00131619876213982,0.00651180671999025,0.00105728557211782,0.000956688908478519,-0.00140161599808769,0.0110906035003244,0.0015683853984727,0.00408238493173729,0.00182515014992669,0.00122670008441503,0.0140371207834305,0.00234813664251574,0.0023998413816992,-5.31215828872813e-06,0.00950859704481517,0.00100840349196876,0.00929677846174998,0.00100118393911206,0.0172757423080032,0.00389191936667637,0.000436946445676953,0.00805373795755243,0.0139203582861493,0.0173761161087591,0.0148998419640302,0.00192190004914251,0.0130503594839944,0.00220204840030217,0.00441105761719363,0.0071045395985694,0.00497174454501246,0.00908160168047743,0.00165226439524127,0.00138429882161785,0.0166527800782099,0.0147731528292256,0.0214982654756146,0.00406762740513804,0.000776416646187943,0.00214505024496183,0.00263237957073486,0.00541374095635222,0.00245410775381637,0.0110022345842621,0.0174267932182451,0.00487596871513499,0.00439914379414874,-0.000908602183828262,0.00187738060162858,0.0124443864496304,0.00982061059512481,0.00936626203012607,0.00467659226759509,0.00207384384325523,0.00153000237259094,0.00277776343552481,0.00686111473703299,0.00398573111246393,0.0143497807860258,0.00295986112374072
"Corynebacterium_sp001767255",0.0332979946812132,0.00445044504450445,-0.00471389904534459,0.0171592885636301,0.00259592411812421,0.00693951049964927,0.00312721180515267,0.00158928530212502,0.000862198550936472,0.0022149094802232,0.00105875919007405,0.000510290878750791,0.0237220471874757,0.00364809862545784,0.0037708180609103,-0.000502517115626328,0.00254551286053432,0.000531287687028381,0.00697642033178043,0.00073726478577202,-0.00262722049072974,0.000361364372149581,0.00355652014109146,0.00500081501690059,0.00312721180515257,0.00238392873910082,0.00173300801904738,0.0012910944715127,-2.34844769551013e-17,0.0119952401329455,0.00761868581764357,0.0072344961406958,0.0218104287029942,-0.0028592240208725,0.00993403414847837,0.000132821921756952,0.00496192097857603,0.0011802687165593,-1.20827290805242e-16,0.0195920187492638,0.00226447244059508,-0.000858988469997713,0.00832173991184195,0.0038790028197197,0.0239849854113332,0.0054816098843538,0.0040994545501391,0.000528895746730547,0.000365173440698815,-0.00164050550373426,0.0018888607042003,0.00365610755188321,0.00234540885386441,0.000540096151420366,-0.000964213529890122,0.00211797492722026,-0.000909911141708251,0.00380080156960318,0.00236642581370651,0.0087955469340386,0.0109775529372727,0.00700825763046299,0.000216643232067788,0.00734167868411069,0.000531287687028284,-0.00112531728691535,0.00585369578445894,0.00317337448038392
"Bulleidia_spNov1",0.000514094605884874,0.748157355418081,-0.0105919698022792,0.00576280135851141,-0.00169907952886998,0.0145638192939674,0.0115635346398564,-0.00116886331584539,0.001537524075742,0.0135622042434995,0.0126887114909167,0.0205961289702643,0.0128240154411418,0.0123051249474913,0.0149760202354992,-0.000674315697940499,0.00992057706639215,0.0191770024802532,0.00710417938993209,0.0175942238588362,0.0350179845103878,0.0179521566356107,0.00812763428222554,0.0163960225996435,0.0112651582494931,0.00942251955466832,0.0130853907139628,0.0136815189891278,0.00187356853904872,0.01205778240345,0.0105919698022788,0.0109514019961675,0.0126887114909169,0.0219760956167717,0.0359523484641498,0.0265534327656653,0.0154962573674775,0.012263941608699,0.0116731603719917,0.0142628633894417,0.0148941269688907,0.0122640123271144,0.0109896319620481,0.0167825097398966,0.0430930300340419,0.00107029962470292,6.1605009724129e-05,0.0266021819242225,0.0134216406341787,0.0152841344267691,0.0194196836586563,0.0108570779087908,0.0136221136377324,0.0213988345865837,0.0182423917449091,0.0122910493311487,0.0201018300660738,0.0109896319620472,0.0114217950799623,0.0242102235427031,0.0147430417684319,0.0125561574376606,0.0204033532513184,0.0103354464702743,0.0282017827783414,0.0166222314306821,0.0119517651566426,-0.000795324319536046
"Porphyromonas_uenonis",8.9390304628057e-05,0.923141914191419,-0.000347820410664654,0.00687121963501222,0.00256093319048984,0.00957627788751658,0.00806611783672614,0.00271866840544906,0.00461309881727665,0.0046639023487302,-0.00174310088137994,-0.00164819661889441,-0.00172221772570848,0.00099477984164861,0.00443699150093352,-0.00379580925376071,8.05902776879103e-05,0.000453441613079033,-0.00274871303411163,-0.00303777715482525,0.0252815215395331,0.00268237701677639,0.0014639379686087,0.00249510536618556,0.00109001018239923,0.000659795672382895,-3.47415520217616e-05,-0.00237544069442855,-0.00293883815430974,-0.00439150495306573,0.000879126287379827,0.002150200260511,-0.0014284672986717,0.0053684972457802,0.00547884873746359,0.0023163768346089,0.0133288066928706,-0.000736551102479048,-0.0062665190345328,0.000358080601042132,0.00636466494526185,-0.00141567991731447,0.000466121821884314,0.00113073793892548,0.0016500042692472,-0.00184246572092246,-0.00188840733760945,0.0071295776214453,-0.000991654991802356,-0.000159714523365226,0.00158925003274794,0.000558363111889163,0.00194235707844246,0.0180128912909061,0.00486474154166824,-0.00221311277982551,0.000107160323806281,0.00168613427537048,-0.0014366925896778,-0.000264874136637733,-0.00147975184431227,-0.00213424517234614,-0.00338523541602668,0.00108415340291555,0.00149188497579337,-0.00110817291640314,0.0021001706427581,-0.000236602822438317
"Lactobacillus_paragasseri",0.00116132487929591,0.676037816547612,0.0030886089190442,0.0430027934064602,0.00364026093944368,-0.00343791846534949,-0.00085883944067832,-0.00175022613163245,-0.00155042818487587,0.00506933859003958,0.0214196885448644,0.00680799500717431,0.00762914252414455,0.000410409477191474,-0.00131821092563515,0.00542827705615935,0.00706986856515692,0.00490437516408515,0.00482563142369301,0.00410807313631639,0.00228250136716153,-3.03619381494532e-05,0.00209927027074437,0.000133492960023509,0.00106548497197745,-0.00151330506468769,0.00707921198719335,-0.00138931828366044,-6.22991171829114e-05,0.00784626065088872,0.00942506261716395,0.0060652094492372,0.0215289723340048,0.000854224855705705,0.00924343073075069,0.00514690524477821,0.00225127556470231,-0.00475352829062868,-0.0012965310029103,0.0147781881293288,0.0108314176134862,0.00237112258499263,0.010274303148904,0.0051130711766209,0.00898748354419395,0.0136436344641232,-0.000368077534999768,-0.00111252477557714,0.00223099929714861,0.00647717341576603,-0.000438362082649463,-0.000109656588511471,0.00973408397340964,0.00105564659720408,0.00445489097743361,0.0199770934132286,0.00152050306643321,0.00128353938621475,0.00318697672454619,0.0054817081282794,0.00101018207974003,0.00872901192041319,-0.000935547277398956,0.00334436537858032,0.00356337584593383,0.00138655337412396,0.0080316019373631,0.000835624463352154
"Gemella_haemolysans",4.1046906039416e-05,0.936636740597137,0.0021192789392026,0.00741618856777773,0.00947172508265484,0.00386500736905839,0.00121818884568748,0.00937093387348644,-0.0013510964711731,0.0128049935502599,-0.0115563453963016,-0.00615800054074985,-0.00553033623817901,-0.00197463554622837,-0.0026813820167361,-0.00266048350933887,-0.00449886123463897,0.00570510058558881,0.0137510152269493,-0.00189442194334915,-0.00418261483033077,-0.00263172462225253,-0.00341306119176665,-0.00228375775711106,-0.00182835559580819,0.000930883633813969,-0.00159663582551874,-0.00729658551850863,-0.00274426301593863,-0.00147074073681386,-0.00211927893920289,-0.00214476203105569,-0.00765915766961878,0.00403610322123236,-0.011666597428734,0.0214048976603659,0.0121030063996151,0.00882630342282812,-0.00138614254817838,-0.011666597428734,-0.00675254755333092,-0.00349242098966261,0.0136427205344217,0.0105513497092505,0.00355969409397349,-0.0032305262059464,-0.00289082382187202,-0.000635779875286948,-0.00256639312473876,-0.00797455790040056,0.00491659227759632,-0.00216967454378699,-0.00241079911146558,-0.000324762039028692,-0.00443572724142169,-0.0115910040218576,-0.00444787390227652,-0.000708556222448334,0.00554265120759698,0.00743725271061905,-0.0116413996264419,-0.0116413996264419,-0.00338509928393189,-0.0046975561933806,-0.0116665974287341,-0.0028431937324835,0.00369908806389115,0.000151186813752871
"Lancefieldella_parvula",0.000359414950563357,0.748157355418081,0.00207237467812171,-1.32137896722116e-15,0.00207130876675564,0.0140601178778235,0.0124203173670838,0.00175084682604649,0.00957563465624351,-0.0043840299004103,-0.00293515077455848,-0.00218710355508327,0.00378375390120033,-0.000442010152772507,0.00668568624654793,-0.00467302613484436,0.0147191815778317,0.00294782749931783,0.00200733239360706,-0.00032058238002431,-0.00324933644988022,0.000388931586657883,0.0057359669817891,-0.0030523119720637,-0.00222758002000382,-0.00332861303830686,-0.00188464043889754,-0.00304974618616543,-0.00466393530287938,-0.00529275676980122,-0.00207237467812197,0.00176668998794591,-0.00438402990040999,0.00170901338452383,-0.00159161117493803,0.00687491323587462,0.0034721611395265,-0.00167747116772231,-0.00157176065765117,-0.00419046336592283,0.000104523934523328,0.00030663511260183,-0.00231272113365312,0.00141341539054069,0.0006639861658506,0.018865414839786,0.00526873986462453,0.00490409818740806,-0.00290510552317631,-0.000284618601872847,-0.00678170140458846,-0.00154323418611083,-0.00225214704811283,0.00772172395275207,-0.00643400537421138,-0.00414368344487787,-0.00703696061298545,-0.00178053296082495,0.00206142573343449,0.00579580324791771,-0.00430391441523284,-0.00430391441523281,0.0019202983992787,-0.0110452068017801,-0.00383651290173539,-0.00894695128527071,-0.000631375079723987,0.000480692911064627
"Prevotella_disiens",0.004123067527114,0.284974651311285,0.00495998519218296,0.00546975448756577,0.000953439663680028,0.00375690218197134,0.00225993681848816,-0.00092294524683182,0.00369500448914255,0.00319876678961209,-0.00569415304913896,-0.00422969934795943,0.0129059719668718,-0.0043712853958571,0.00297637949544402,-0.000942402161783306,-0.00107596979065403,-0.00349296606948584,0.00391356959394352,0.00265070945309631,0.0153952689876303,0.00641691112484216,0.00733064540767239,0.00394004579311205,-0.00559670866620229,0.010411689952715,-0.00351141068741205,0.00534062488923494,-1.16025325565922e-05,0.00516699128499018,-0.00495998519218332,0.00130199037477159,-0.00153714812275109,0.00571863327814564,0.00800343200654813,0.0144409562632633,0.00628157929032446,-0.00365943418931407,0.00134313682091613,-0.00583367371599414,0.00296712659433593,-0.000265221590424601,-0.00584756645410995,0.00175404211080078,0.0363473262968114,0.0116733214941793,0.000207901233958541,0.00885603715356888,0.00173782662838898,0.00340461561879677,0.0131798320611634,-0.00522519733582051,0.00189804904838498,0.00674891098164429,0.00422658683344781,-0.00324516465223936,-0.000205027625037979,-0.00564596248390007,-0.00313872951581312,0.0103912320685571,-0.00312496070086245,-0.00650514569714875,0.001696609483828,0.000558695792590638,-0.00680100611779137,-0.000981709366623155,0.0066994036507058,0.00177516252385571
"Limosilactobacillus_vaginalis",0.00330734134277047,0.462968171817182,0.0020381713194306,0.0162076812570096,0.0100139083805493,-0.00312697316888578,0.000585010207855034,0.0210785342145109,-0.000399447838942834,0.00379766567238332,0.0158604103950717,-0.000829856440394052,-0.00959152877853561,0.0131902167835958,-0.000250139627383415,0.00493813450798707,0.00211604797700868,-0.00700123203003801,0.00565898713158094,0.000792059770957885,0.00450503079234702,-0.000202199360967228,0.00100183658206859,-0.000233834602898335,0.00431826492968065,0.000268458870153518,0.0198545108212839,-0.00349366205387712,-8.77996059825214e-05,-0.00169195046421945,0.0029261329697488,0.0120450172342331,-0.000493641111178576,0.003381999992804,-0.00372577024687855,0.00649998784799914,0.000761152142086828,0.00266201394130856,0.00151249418302642,-0.000972203756635266,0.012598087064782,0.000330430012157253,0.0265711781179704,-0.00557713721643817,0.0231142316405564,-0.000314538833632774,-0.0012915527027758,-0.000925838541228477,-0.000456781416264224,0.012195895778598,0.000884222061849467,0.00649715328039463,0.0109567135611896,-0.000604148039199547,0.0048992714356381,-0.00732894934778075,0.00375599531261629,0.0250714166566952,0.000875604696838503,-0.00450070576396991,-0.00469555240636187,0.00515117609792338,0.000737966301939702,0.00241934144079676,0.0105519493332179,0.00253871067057675,0.0155186448511397,-0.00156713290511208
"Metamycoplasma_hominis",0.000570690580213207,0.785456157556054,-0.00514958125535897,0.00115960451533982,0.00398997558173073,0.00364453739051939,0.00562912853791244,0.00444414527862668,0.0149387647507639,0.00709246621585337,0.00194807881913466,0.00133253049142604,0.00324673081762295,0.00549020852803054,0.012339506985176,0.00168136695902617,0.00446207257388334,0.00170931384711977,0.000680656468208806,0.0279571116585769,0.0164686688462754,0.0119997847650044,0.0025890080699364,0.00615865198177458,0.00580932084805587,0.014325120412205,0.00681948176049498,0.00136526670795443,0.000271809988164989,0.00538721124726036,0.00514958125535881,0.00457907418040075,0.0026475710744213,0.00276663481787951,0.00150023294629954,0.00199977460550973,0.00298368868732184,0.0062209578679147,0.0194219398054376,0.0019211406458198,0.00209832825428525,0.0020528821559144,0.0054902085280312,0.00248949900047136,0.0614672077930372,0.000235676411082194,0.00183775125145317,0.0201269345036537,0.00295854883461226,0.00232133563185878,0.0192984761190916,0.0053766661038065,0.016819519025483,0.00863039815249305,0.022261759661131,0.00115960567362793,0.0185474311145438,0.00616451696595904,0.00436503050700851,0.00847801583697397,0.00182466614481576,0.00138669052207567,0.00485029136732055,0.00631877083993065,0.00334552736226835,0.0122839137686549,0.00835914007792321,-0.000681254545343391
"Streptococcus_pyogenes",3.27410922493552e-05,0.923141914191419,0.000449871182553179,0.015909251427115,0.00478621738618639,0.0155008903024577,0.00926228977310373,0.0011886048303047,-0.00211249161109891,-0.000811864227423987,-0.000662039427143636,-0.00278583809068845,0.00678519523732853,0.000657188238492994,-0.00249088415073361,0.00253102411716019,0.00263356408640465,0.00251329361811965,-0.00503988796383148,-6.71055494583213e-05,0.00531164951062459,-0.00127935556898074,0.000251368927236652,-0.00244899948778658,0.000246527984971909,0.000898770168984365,0.00570738571476676,0.00539393946633648,-0.00403802947569094,0.000416883073867493,-0.000449871182553605,0.000183151426568674,0.00601728198580443,0.00792150764397068,-0.00128852846512033,0.00047455872822115,0.00289925213026847,-0.00131644707645557,0.0021652180680328,0.00743493938622934,0.00702783314980059,0.00223330214511073,0.00154096776194633,0.00430813771854449,0.0105932967719046,-0.00284420677563706,0.00164493441102304,0.000664430472255322,0.00779642100884022,-0.000147724340639156,0.00618070838349585,-0.000480401494743408,0.00330022301092274,0.00443912575361109,0.00121218997005226,-4.99229386526284e-05,0.00801973742256955,-8.36188965671933e-05,0.00607661700355369,-0.00115478092542113,0.00494020460071579,-0.00526661888092996,0.00324436097072597,0.00062426168708806,-0.00464422477878194,0.00874063485168539,0.00223193323448297,9.15909365695638e-05
"Corynebacterium_pyruviciproducens",0.000387657484701686,0.790732406573991,0.0049737807444974,0.0198383032861037,9.81003423019845e-05,0.00711711392418404,0.0128361730746948,-0.000228967817287605,0.000218303346457699,-0.0042592850478962,0.0015065580189927,-0.0014850752666299,-0.00339490424138035,-0.00412413489842437,-0.0103841759859051,-0.00725846164174067,-0.00588783965829147,0.00640232895592806,0.00174017725098095,-0.00216350877579941,-0.00843047862145438,0.00619400919995624,0.00143737193251633,0.00578525927397775,-0.00337338070729735,0.000327070580906856,0.00500008320583537,-0.00118889961956811,0.00551725919535938,-0.00773772921379941,-0.00497378074449767,-0.00608670587207673,-0.0041678743463757,-0.00815484789029666,-0.00251902591933223,0.00586933799693126,0.00310189561679833,-0.0012106236297197,-2.25659034600884e-05,-0.00272535287500001,-0.00157615662965541,-0.00914684847143914,-0.00521908186418916,-0.00274262385261732,-0.0124433695849615,-0.0122077095808047,-0.0041161161351854,-0.00987020368792595,-0.00568775574404851,-0.00338013625668536,-0.00988045158375966,-0.0036148185879799,-0.00521013763968281,-0.00154672001331652,-0.00393132911418225,-0.00507188108679986,-0.00724872428834234,-0.00234813590185432,-0.0098893743365162,0.00335888939061973,-0.000189676690698209,-0.00431229793181339,0.000817695908116879,0.00441504901569001,-0.00433494360756378,-0.00535990272220663,-0.00106149791982522,0.000490602239385227
"Streptococcus_pneumoniae",0.0036916083125486,0.466928511032921,0.000737415711139359,0.0117995450003918,0.00972783846451089,0.00113759247329845,0.000716646050677558,0.0132576861734387,-0.00108047743274202,0.00599529842454744,-0.0105764287222255,0.014531670859154,0.0029471476436574,-0.00135954549765136,-0.00158607018330154,-0.000507620889877805,0.00182609582258753,0.00827783114755372,0.00712900769794739,-0.00157462507098352,-0.00119889011174358,-0.00192756560159584,-0.0018343177033709,-0.000229956476165869,-0.000787242135784831,-1.12723109910847e-05,0.00631751657209734,-0.00586420916542291,0.00234037048773825,0.000236649666384429,-0.000737415711139695,-0.000404192125183331,-0.00726738536816171,0.000893823706706526,-0.00662531407339579,0.0143964485081606,0.00441201961692517,-0.00286989363652136,-0.00061479056983081,0.0156048093923226,-0.00510112501922933,-0.000101375232578108,0.0101157053899256,0.00494842010196367,0.000872435131046979,0.00970774771089108,-0.00138334389929208,0.000174975495182831,-0.00173604590955853,-0.00630535265576889,-0.000707940900670005,-0.00115216890214744,-0.00129216008513581,-0.0015421680438022,-0.00223344874610792,-0.0104652541756504,-0.001846271189167,-7.84426718806935e-05,0.00310752390508701,0.00350452175000489,0.014879828797689,-0.0108800073666584,0.000754836598500195,-0.00127683246945012,-0.0110873839621624,0.00422126066520279,0.00623451040075718,0.00124425957302397
"Bifidobacterium_bifidum",0.000201668628201964,0.923141914191419,-0.00836226563700208,0.0600808502834501,0.00485960563098763,0.00772163189766178,0.00958036653795709,0.0107448674316409,0.0147346814686569,0.00491356230362299,0.0239062265467024,0.00316180685137745,-0.00220827167759738,0.00907211623475731,0.000143219670744426,-4.15166413819817e-05,0.000647810279569449,0.00475589093841329,0.00355854269269127,0.000446098061094089,0.00302421435321635,0.000409637804663176,0.000141782691679657,0.00175491396363439,0.00870775648533839,0.00131503218093907,0.00801347369044296,0.00235840075763495,0.000383141661021846,0.00895219486855663,0.00836226563700192,0.00802872962926509,0.00560813799686171,0.00309512643816812,0.00367699012305567,0.000694708353378749,-0.000323324501826051,0.00489189153080256,0.00284427589499521,0.00394768719871598,0.0315044480217857,0.000378511303207478,0.00853659575404381,0.0038279396062313,0.00575834263051269,0.0375114727139516,0.000528093451105635,0.000560536224028726,-0.000153866153022151,0.00362097282331622,0.0056371811422268,0.00847848571502958,0.0124467237561382,0.000165371442750902,0.00126068834103038,0.00350266000601433,0.00103326354317305,0.00872210896019296,0.00155721416860571,0.00281317386325627,0.0044937820218066,0.00361888008404189,0.00136224640462775,0.0017099060386018,0.00385672138312083,0.00113558619988627,0.0108807425570441,-0.000348660234082799
"Prevotella_denticola",4.01179490323383e-05,0.923141914191419,0.00669174574713294,0.0160023350294461,5.58237869252636e-05,0.0111926346207793,0.00790961974556139,-2.45272096447836e-05,0.00541002091883681,-0.00643562723035213,-0.00624046034783633,-0.00372955392351546,0.00444325704769579,-0.00624482707251199,-0.00437861640365981,-0.00318475755462076,-0.0060642237623549,-0.00391780760455363,-0.00823487630471128,-0.00406524528183944,0.0120490419939589,0.000391884727949561,-0.00618551486912817,-0.00255547389009202,-0.00580166374976872,-0.00688691798543774,-0.00646700908234029,-0.00789865016437392,-0.00226367461169826,-0.00355526870473209,-0.00669174574713326,-0.00722702949984557,-0.00680783278148636,0.00108328499423427,-0.00542888439873859,-0.00226063904474884,-0.00225200524911428,-0.00441847926156514,-0.00251264598739829,-0.00510440470518443,-0.00253368771226538,-0.00651893555253608,-0.00539391788536618,-0.00315056947048877,0.00753621888273528,-0.00209674556991729,-0.00550367394743,0.00214928180239017,-0.00559653199651177,-0.00521200750012872,-0.00330256603032969,-0.00636851703151422,-0.00183761050599731,0.00501681206496837,-0.00314790681785398,-0.00674756953405865,0.00509672270741578,-0.00647975969092416,-0.00985301961990935,0.00603246912348285,-0.00605493195140992,-0.00678774503234398,-0.00221595474241802,-0.00384064931174971,-0.00544317565396848,-0.00662969314618483,-0.00499869200682908,0.000120526494855749
"Bifidobacterium_kashiwanohense",0.000370419271619743,0.839695463799253,-0.00187510232414796,-2.92167334586786e-16,-0.0016321563011005,0.0012991920726127,0.0022400609813226,-0.00148333390478707,5.7211351394744e-05,0.0133268390990748,0.00361887542248335,0.00212911957613397,0.00390831640220945,0.00198671912138292,0.000409527920712368,0.000751681029052766,0.00316308975692007,0.00726186166347765,0.0116866968119081,0.00130853515985681,0.001055574727759,-0.000216136260861374,0.00293416498388704,0.000184742337711123,0.00198671912138287,0.00157993469496124,0.00256797682082816,0.00425232059861307,0.000436909546643803,0.00142405965874496,0.0018751023241479,0.00217875273831438,0.00381807817091902,0.00159110512232841,0.00486465232043197,0.000864576316041047,0.00173758361572286,0.0036756045261258,0.00127712078317639,0.00378358265461206,0.00279198939994677,0.00223477932760586,0.00198671912138316,0.00361887542248337,0.00553839042545141,0.0183810987697871,-0.00015987235712553,-0.000290547459018085,0.00414470266052739,0.00384974506024068,0.00192632603070978,0.00194951352230454,0.00142670387605222,0.00207615234958632,0.00252324466710593,0.00350725862524837,0.00826508202136751,0.00231441124115202,0.00325560964510509,0.00197000797746469,0.0106117270903779,0.00358166982340501,0.00707239767396856,0.00285055155611035,0.00361887542248332,0.0193189851574012,0.00239742034032241,-0.000223233594469961
"Vagococcus_penaei",0.00094845321223034,0.581270031765081,-0.00369830870856871,0.00529616546677639,0.0157185518070545,0.00314845143071286,0.00578444439372321,0.0141751481908426,-0.00103424048800308,0.00848142223374852,0.0194442782348538,0.00408395817888853,-0.00434519457071773,0.00613391366025032,0.00412514496635808,0.00999609787729411,0.00595606282494625,0.00292037458949364,-0.00174548673403295,-5.32916098400755e-05,0.00336486527144655,0.000336807576209731,0.005442804421156,0.00194576784969776,0.00362288902354926,-0.000943326697910997,0.00669244235554534,0.00255208207060923,0.00209020348061438,0.0111811839780904,0.00369830870856823,0.00446527697319856,0.000331093330544112,0.00329163633028397,-0.00282445769751864,0.00438261995426756,0.00434063484920051,0.00758171445768218,0.000872510288571337,-0.00201214340082012,0.00474393699285047,0.00404964690263296,0.00334385832826814,0.0191899012768806,-0.0019825238183392,0.00219907990041047,-0.000749430872793768,-0.00223740721313297,-0.00244058606545594,0.00990580725398352,0.00408588474987676,0.0044509594336957,0.00533669402402728,0.00309483533666704,0.00770834392350397,0.00829854386194484,0.00147814483473235,0.00354774113025787,0.00226061204851177,0.0049607964281483,0.0191159811189505,0.000624114031961101,0.00328417472102663,0.00540900758104301,0.00828087553297307,0.0006115953032259,0.00818508842061297,0.0007089007606027
"Corynebacterium_riegelii",7.50964191044341e-05,0.923141914191419,-0.00481435220746493,0.00899631004943838,0.00838176537485022,0.00905420336086583,0.00615615628733228,0.0148317407647976,0.000577757487232836,0.00689231293086418,0.00558092165052645,-0.000457006254097717,0.000919289292665562,0.0139676676487565,0.000871361824998,0.00339790102297703,0.00770772189945456,-0.000589026668780345,0.00133088351063536,0.00240429548530986,-0.00141059202055143,-0.000502661514341061,0.002159618551271,0.000117124757353677,0.00734368540574812,0.000385738094308908,0.00709472713445866,0.00073671560542611,-0.000279742606838191,0.00176048910891196,0.00615832647738107,0.0101070423694025,0.00877608074234495,-0.00210017641551063,0.00930013781678814,0.00314395338293791,0.00145157773224743,0.00416101891939878,0.000420618575730411,0.00694211010529022,0.00748829789603213,-0.00125850762815803,0.0086877484277206,0.00129183611137065,0.0153116629990863,0.002530817905696,0.00339853004651497,-0.000659629470340102,-0.0005717207473454,-0.00049168735530774,-0.000354167825418204,0.00941434322022745,0.0137960295537533,-0.000140023694455703,-0.00134534964588028,0.00269185561923201,-0.00277343340190122,0.00769370417383576,0.000537087000636779,0.00805338773306988,0.00195616500533238,0.00148160457024951,-0.00042877943101713,-0.000757421634298309,0.00812334539490823,-0.000271443220465575,0.00989247876484767,-0.0001657069872536
"Sodaliphilus_spNov1",2.55564872285801e-05,0.923141914191419,-0.00284885091171701,-3.82564028685075e-16,0.0034064227715979,0.00978800884619159,0.00758372163107699,0.0034573512015515,-0.00157646004435692,0.00113859118860541,-0.00051937553741601,-4.92649065210632e-05,0.00174470732202164,0.00288704723418199,-0.00184450900333783,-0.00143264192808418,-0.00261862657097079,0.000129899262475496,-0.000194066179814393,-0.00124670924128529,0.00627402438984016,0.000714038662207173,-0.000846904248282493,-0.0022399445283323,0.00322684461922844,-0.000957737282011197,0.00200948623306684,-0.0012760563956287,-0.00149034435483862,-0.00129704364761234,0.00284885091171689,0.00363002206666559,-0.000519375537415943,8.45325775040849e-05,0.000217428682873574,0.000592140540460642,-0.00135565291114355,0.000332230155483394,-0.000330815051549525,0.000437610306621205,6.33238332443166e-06,0.000467110641490092,0.00288704723418233,-0.0002171198188458,0.00726199831751552,0.00805410487139853,-0.000309743176450962,0.000872410029598302,-0.00104481014252701,-0.000880081877173073,0.00213227471719983,0.00287431512669357,0.00453436199339014,0.000510737791349802,-0.000394410997969087,-0.000557571859881064,0.000368392729347052,0.00288704723418204,-0.00102218657280899,0.00306477562603216,-0.000532107644904399,-0.000532107644904389,0.00074624988087151,-0.00234570251462408,-0.000519375537416039,-0.000647060562327294,0.00556496370071017,-7.6392644930122e-05
"Cryptobacteroides_spNov1",8.3168683445513e-05,0.923141914191419,-0.00362800360792266,0.00791394537580121,0.000304996971633577,0.010631925224636,0.00602423085340323,0.000210065408201125,0.00475883154195339,0.00378119773090798,0.00325180796371434,0.00202649869412385,0.00485333668002458,0.00355680493534801,0.0149839992582796,-0.00173940827528212,0.00172120028277784,0.00450960913062352,0.00217778540341551,-0.000179876332588589,0.0348454490943582,-1.87847846007509e-05,-0.00114401414175579,-0.00110388433468964,0.00355680493534792,-0.00113832415793693,0.00343140638727882,0.0097341767181794,0.00371578587758779,0.00703170124514811,0.00362800360792246,0.00358369869478284,0.00402094221277198,-0.000545056459417783,0.00415287943173021,0.00389352392176303,-0.000660718066461228,0.00332805720662261,-0.000679663772308542,0.00388564948028879,0.0023945202912054,-0.00237884939651195,0.00355680493534846,0.00674153213310637,0.0175986561161166,-0.00120194297343514,-0.000832202759516018,0.0156337091238773,-0.00103480685006058,0.0104673134879665,0.00766128187434197,0.00358053782620611,0.00418256897372369,0.00110083872350007,0.0097877213242544,0.00332300663628885,-0.00469860750749128,0.0035568049353481,0.00151176589297127,0.00252436569695684,0.00327554085457245,0.00327554085457246,-0.000120223959369806,-0.00132228955556409,0.00325180796371429,0.0198149963899521,0.00380093178568834,0.000142397345149003
"Prevotella_enoeca",3.50790101907044e-05,0.923141914191419,0.0142888606579601,0.00987669323946936,0.000928318713605491,0.0115138943830701,0.00798943477691995,0.00104413217680326,-0.01396563219051,-0.0135970460331674,-0.0140501125542415,-0.0136700787352385,-0.0106922788615549,-0.0126922247229334,-0.0163376476109101,-0.0144808214734365,-0.0170190730660822,-0.0121709340007845,-0.0167718373328351,-0.00518584554154607,0.00973824091773505,-0.0142966569232686,-0.0144985780087307,-0.0138503562101742,-0.0138238748430232,-0.0139134947609102,-0.0118146128349797,-0.0147716671699139,0.000167531991400228,-0.0122073562331683,-0.0140563899110341,-0.014601699314174,-0.0141271556363564,-0.00981236027278886,-0.012439083361172,-0.00960002584925804,-0.014351140060797,-0.0130655610635341,-0.0125092005717449,-0.0115880533980746,-0.0142906388510032,-0.0140305365748034,-0.0142020005605615,-0.0124322318630015,-0.00290501623083779,-0.0163046251262172,-0.0120272178836553,-0.0094944478455656,-0.00846192581240326,-0.00829959555711913,-0.0124928774197512,-0.0142309539263618,-0.0144988448247234,0.00469753040892599,-0.00976538768273295,-0.015217179371566,-0.00988082134859491,-0.0142020005605622,-0.0118651370044097,-0.00885108011089134,-0.0139842454143834,-0.0151592726399674,-0.0138286775258454,-0.0156283182902175,-0.0151303192741681,-0.0156522592156099,-0.0132054494189827,-0.000173720194796013
"Staphylococcus_haemolyticus",0.00358129075301611,0.535637774303746,-0.00249288768580007,0.0201098968380616,0.00562208187965039,0.0030845189446839,0.00244861024410334,0.00569018613857635,0.000322744616164887,0.00254265642934243,-0.0029201241230074,0.00161195405818384,0.00408389396614837,0.00218473551105048,0.000521024542576507,0.000156157667579682,-0.000290964814649036,0.00513327350269075,0.00110894735252886,-4.56166206589218e-05,-0.000487552450407217,-0.000278683578107137,0.00582380000720827,-0.000100517513069538,0.00259292755759048,0.000291379167113875,0.00892245067870596,-0.00155578418611611,0.000591674441035083,0.00324475377809724,0.00311728389274679,0.00746869876116509,0.00964459515227415,-0.000740806258488284,0.00108435306104601,0.00499129200238679,0.0034359535066022,-0.00128901503768832,-0.000263874733052895,-0.0028376755277227,-0.00158862634591487,-0.000422851908198015,0.00686610724592294,-0.000961836354281197,0.00104486571326017,-0.000263874733052844,-0.000161157341469664,7.4515985240339e-05,-2.77460835067329e-05,-0.00016260655580133,0.000738224988062206,0.0025054576793404,0.00194416457548863,0.0011940081586626,-0.000740806258488293,-0.00312919419385039,-0.000658779298111625,0.00348416054220327,0.00605371613529946,0.00326004903634289,0.00103960246015969,-0.00333462897701679,0.000166858460066945,0.000764671144033515,-0.00273239585271066,0.000522789980866662,0.011854593746485,0.000616304349499166
"Prevotella_colorans",4.16864457645925e-06,0.954183388263638,-0.00215430960922636,-0.000730458299755398,0.000840109294610868,0.00881179017895659,0.00884235410116081,0.000889717927518625,0.00798456163282723,0.00260350133778128,0.00135140678929561,0.0027271773463878,0.00464744834176787,0.00380733195458168,0.00638057639572618,0.00812321090606963,0.00160537985415125,0.00685249276137085,0.00209959596663857,0.0092534730248912,0.0128901213440489,0.00490908339176107,0.00393651093094936,0.00608970963825087,0.00272012094297796,0.0081850548628488,0.00352049027068688,0.000938202300899849,7.92688327049063e-05,0.000901428379057092,0.00215430960922613,0.00875015863826022,0.00135140678929575,0.0175789814305274,0.00587976364085721,0.00147512555807802,-7.40112868089103e-05,0.00370650065170558,0.000270517482204282,0.00177696324789717,0.00196993879758012,0.0049069324013491,0.00292197438366196,0.00509912004077169,0.014167569838099,0.00402709108785185,0.00374864911301953,0.00590035952674342,0.00233155958600912,0.00247107701468153,0.00193238135326334,0.00256782757633739,0.00249870715680333,0.014261280076607,0.00165806440847735,0.00131420031461511,0.000981699840383952,0.00219151608390682,-0.000862482004785724,0.0101853813632246,0.00253118860984455,0.00133900463106871,0.010244152473722,0.00219289505369697,0.00310466713866086,0.000829353559627872,0.00761031327486765,-7.44129493609969e-05
"Corynebacterium_amycolatum",0.024926556115981,0.0174267426742674,-0.00982277260018712,0.00607396756162145,0.00930355962015797,0.0115421306939906,0.00861535883236196,0.00765132045082117,0.00188752485140159,-0.000490733903527063,-0.00034423507278352,7.84115726927762e-05,0.0139880682697577,0.0100752371745692,0.00191894646999082,0.000186383987431349,0.00462895920444348,-0.000259788413246785,0.0131343642499767,0.000792553114758396,-0.000510313160255903,0.000229644053639273,0.00352764042909207,0.00207057601120947,0.00858359322318436,0.00041696648257027,0.0132833229088343,0.0095202023742026,0.000479019386729818,0.0123263485904052,0.0104869537270334,0.0141167922851956,0.0139719486693981,-0.00222684450539905,0.0112767893772742,0.000127503036269041,0.00399171862252547,0.00160592350806578,-3.17656091776234e-05,0.0130918403056328,0.000628536971430843,0.0001463695260293,0.0100215427738017,0.00361214655834801,0.0218105108221277,0.00219699635545836,0.00133365070950994,0.000820287253855359,0.000468754720673068,-0.000749796244926991,0.00115348887481754,0.00899665301551859,0.00899434615752097,0.001724224408184,-0.00111242497380359,0.000519212980029051,-0.00145334441613981,0.00980034227194254,0.00411309664687122,0.0115851765930507,0.00325565165717743,0.000965889603595792,0.000874556245252672,-0.000784396883075266,0.00143416815785355,-0.000316734923089754,0.0129367223479104,0.00247835875400541
"Corynebacterium_tuberculostearicum",0.0176107465772144,0.0256525652565257,-0.00349561144516949,0.0199033823736944,0.00485008021576585,0.00181778696048626,0.00275334205523392,0.00843373512040004,0.000783479028133,0.000356266111378808,-0.000382396473975455,0.000511699711802372,0.00271954405844498,0.00345661669633555,0.000663773014866602,0.000873681963258514,0.00101464844517888,0.00214154589115104,0.00893941153846478,0.000816838327507995,0.00111581457814066,-0.000198068860491396,0.00633339474468683,0.000750147545583655,0.00399552921773486,0.000365434873072226,0.0124135014332913,0.000939046152240971,0.000581909695880656,0.00508299830084505,0.00619997897126633,0.00787601777426251,0.0101811539807388,0.000610998590745673,0.00423793467064268,0.000766738798418605,0.00246305476190852,0.00135101706054783,0.00177668596336778,0.00178138556459284,-0.000318675018505115,0.000384780088915242,0.0110814979076345,0.00773157331752968,0.00794533004393107,0.000512111513297907,0.000343674405564727,0.00105678985307273,0.000343142014441686,0.00598719278791134,0.00117314342407736,0.00334380285751122,0.00197433881111034,0.00327883258261798,0.00122310045570543,-0.00135446877059644,0.00136057231688311,0.00682234393696694,0.00548112126952908,0.00711246580413829,0.00102602676385228,-0.00190976018409688,0.00148745089154528,0.00417639909955228,-0.00128045667237868,0.00090636465431826,0.0106629146138493,0.00166587424050126
"Prevotella_sp001552765",2.58567085250065e-05,0.923141914191419,-0.000649633763625464,-3.71960686768473e-16,0.000889366656179871,0.00548477133672158,0.00420912098634889,0.000861511183519293,0.000922333208840686,-0.000260624497050153,-0.000260624497050118,-0.00027711065703246,0.00184454000971907,0.000628742159129838,-0.0028986049800047,-0.00246380665636806,-0.0034395205105984,-0.000260624497050108,-0.00120223062322276,-1.10477818086097e-05,0.00112014293292672,-0.00059882191630295,-0.00210580106674493,-0.00166822385528979,0.000852681757119266,0.00603318279974089,0.00155049637925424,-0.00150152763020734,-0.00243360890030399,-0.00152917543661967,0.000649633763625366,-0.00054111649749917,-0.000260624497050061,0.00929325769277201,0.00469842836249517,0.000269418436851952,-0.00252867812415091,0.00034809301711018,-0.00253501838746631,-0.000260624497050151,-0.00153906363756555,0.00269026215772635,0.000628742159130154,0.000137270563137101,0.0238102008147834,0.00732781853982671,0.00179347983686399,0.00287092646708655,-0.00110126332039644,0.00511456389864768,0.0076468945047157,0.00063570602729496,0.00926230906587934,-0.000922411469178112,-0.00404220233741349,-0.000239732892554559,0.000578716074752203,0.000628742159129878,-0.00344340347247414,0.00102659112193135,-0.00025366062888497,-0.000253660628884956,-0.00203966666958301,-0.00355359089621733,-0.000260624497050143,0.000202802410396699,0.000621778290964654,4.17832089911165e-05
"Prevotella_jejuni",8.87496817108453e-06,0.936636740597137,-0.000201254481408466,0.00141805761858763,0.00430613714229693,0.0123941852758593,0.0106408373242025,0.00437576440867735,0.00702383426709617,-0.00294011862398839,-0.00329462002687212,-0.00305894921368718,0.016785122006643,0.000778126898452453,0.00383737837642296,-0.00201667762879201,-0.00342374717299373,-0.00153083558496215,0.00258495444153229,0.000941470500943659,0.0146709860879447,0.000781879436151541,-0.00292051157133069,-0.00221505433503542,0.000713219822271951,-0.00220051796622463,0.00180688984534989,-0.00230234112179004,-0.000711510565585639,0.00175486181821937,0.000201254481408192,-0.000770167053986029,-0.00064573353780817,0.00397771945595906,-0.00193733567725738,0.00980458721948355,0.000277196838317035,-0.00118895866371692,0.0012408295120999,-0.00279593856182447,0.000491851193553845,0.000307744068685946,0.00240306960781882,0.00124798924209686,0.0149844638577771,-0.000150590060359544,-0.00146294437097346,0.00846403550004361,-0.000934452440406794,-0.00308290677862564,0.00391962037828634,0.000683092517080786,0.00193091651980667,0.00478980438723165,-0.000824944993863464,-0.00410488266088888,0.00256136788090802,0.0013045692391303,-0.00349534859748878,0.0049257046012463,-0.00381513686521318,-0.00407006902769895,-0.00117441492145179,-0.000508403850853932,-0.00405266221110395,-0.000899498623394113,0.00183405577025685,-0.00010444089956999
"Fannyhessea",0.00013080309507013,0.835855678591115,0.00162466107951766,-1.01620450052308e-15,0.00127033798411763,0.0125645527177642,0.0113350826235685,0.00146119696463712,0.00270012122556645,-0.0021373389613975,-0.00275185482824647,-0.00234784226661275,-0.00294271380876551,-0.000652453807252148,9.09499396846197e-05,-0.00190542277052102,0.00352361587252098,0.000602565110666292,-5.76722796539503e-06,-0.00163898801261862,-0.00208529731747492,-0.00082417160007099,0.000347320408074134,0.00365033314473277,-0.00125928891147392,-0.000320583575194803,-0.000176182020805755,-0.000584647279692592,-0.00564881564587362,0.00171158850772746,-0.00162466107951789,-0.00157580063951072,-0.00275185482824632,0.00134657153409012,-0.00238487914279322,-0.00067190326896186,-0.000782076353474252,0.000577933747836727,-0.00197266744127089,-0.00236914872961919,0.000164278522549034,-0.00291903818944301,-0.00148151684412773,-0.00153746067771145,0.00453937977233398,-0.00252240394646768,0.00368310365527665,0.0062459853350595,-0.000978859280685451,0.00176849977213327,-0.00033116970769141,-0.0015292315892585,-0.00239969521185659,0.00187888847256622,-0.00118601209219687,-0.00289499906363572,0.00357414773091144,-0.00148151684412846,-0.000529793618554403,0.0085961042892446,-0.00279956957337631,-0.00279956957337628,-0.00330546523511864,-0.00369416725377711,-0.00265598801103824,-0.00292434586084361,-0.00122670404327149,-0.000286288470778524
"Actinomycetaceae_gZJ293",0.00058433962778174,0.772523406186773,0.00455474650085819,-0.000625019177347924,-0.00129322788242318,0.0097730973674137,0.00755673750340612,-0.00161730166254106,-0.00184082386608242,-0.00320514954051334,-0.00350457395352413,0.00317631239702558,-0.0027858235737703,-0.00376507986767651,0.00362317856733516,-0.0126018225653755,-0.00229814163997153,0.000562821208672626,-0.00765923567687945,-0.00339389798122843,-0.0132102903885424,-0.0047345150142435,-0.0123545393393535,-0.00891454633881431,-0.00421725946730195,-0.00482538621886886,-0.00212193875084792,-0.00718343093415571,-0.0079849539854367,-0.0056529812433838,-0.00455474650085841,-0.00493645321235647,-0.00350457395352401,0.00646970000685181,-0.00105982495091367,0.00458681472589097,0.000700935174252833,-0.00203434027219122,-0.00575067049397986,-0.00350457395352421,-0.00537527248140798,0.00503630875549639,-0.00417278265859932,-0.000547576295603123,-0.00143246233043318,0.00659594792609324,0.00340864287824292,0.0107220824585787,0.0012011466756489,0.00106480793973151,0.00838497810842898,-0.00471678339091765,-0.0056181171493244,0.00546778756400057,-0.00237563466123129,-0.0032615186184354,-0.00215619917356741,-0.00479780183594697,-0.00335305364402809,0.00499420323134378,-0.00318592547680725,-0.00342355550849461,0.00418405349949126,-0.00819231726952529,-0.00350457395352418,-0.000491694454565557,-0.00487882028097665,0.000486110670177463
"Varibaculum_sp905332515",0.00671422895900328,0.223946204144224,0.00510619834066434,0.00816255381177523,0.00606399307615817,-0.000808685141236716,-6.39142340873117e-05,0.00772798584712252,-0.002976439128092,0.00317406565208901,0.00870044526500167,-0.00133622158506587,-0.00730267799752386,0.006672357925069,-0.00271394427152119,0.000863632000113124,-0.00201635067781127,-0.00484635704256391,0.00090107558261927,-0.00124201718146648,-0.00153508118581415,-0.00270677474132613,-0.00038169096024317,-0.0034658853596644,0.00278517138428679,0.000850520108384118,0.0010431632136123,-0.00461315971720849,-0.00256328543606628,-0.00493974326015944,-0.0026287666440742,0.00105240703735286,0.00713137219785095,-0.000896656914266303,0.00170075359471613,0.00350686011120982,-0.0014708752551517,0.0049360459445379,-0.00153341273549667,-0.00181156109521312,0.00455643242845244,-0.00266511145895974,0.00384163741585235,-0.00191313964297808,0.0120380950983256,-0.00309402337881232,-0.00375725195350882,-0.0024916090672911,-0.00366523252798932,-0.00191552320897077,-0.00349480156790664,0.00431803036480655,0.0102095683664237,-0.00281509382547235,0.0030394363934174,0.00132572971104969,-0.00156057430358959,-0.000682910488757252,-0.00127657593292533,-0.00332708111383256,-0.00391806880899,-0.00166680277949574,-0.00140328346850558,-0.00122112299698127,0.00558584801688771,-0.0015323947059934,0.0021170383519641,-0.00155326942571081
"Limosilactobacillus_urinaemulieris",0.00246158959214164,0.462968171817182,0.00303527564352725,0.0207326232722206,0.00453330992222441,-0.00229023614671872,0.000451636615250473,0.0103463946866756,0.00078146687238913,0.00591794762395633,0.00871036776419549,-7.07100104446422e-05,-0.00417552178268632,0.0113194782216248,-0.00106861613825979,0.00535221249664718,0.000379251903984003,-0.00276006964693794,0.00113632689048164,0.00277998005301212,0.00250687015731701,0.000875532694088876,0.00388302289464155,0.0024981090694157,0.00333059495589585,-0.000268212499513783,0.00652912317223494,-0.00124626826422195,-0.00193707459043173,-0.00230051932558883,-0.000258818761409335,0.0122665946217551,0.00174729521516598,0.0012233986037322,0.00573526301288929,0.00233007313105065,-5.15233399253248e-05,0.00718857781608013,0.0066071944126745,0.00354890041807543,0.00830295576850433,3.30857389609343e-05,0.00484526396834378,0.00425103770849252,0.011890382002488,0.000954406107887717,-0.00204277070497767,-0.000248895389767134,-0.00165903429530608,0.00738416290496498,-0.00166893918669845,0.00529771612481636,0.0113063133443225,-0.000431007205882475,0.00484361533731962,0.00612106653240201,0.00259675695081595,0.00189776740517823,-0.00072235593009728,-0.000936702167030897,-0.00102022108101584,0.00368424087307132,0.00106118713964079,0.00138631316063671,0.00838917225753344,0.000345443227581826,0.00505449432255155,-0.000982434531958317
"Corynebacterium_striatum",0.0162362217207654,0.0410874420775411,-0.008082338431628,0.0299726213081824,0.00648324022732035,0.0074545960566684,0.00712570842059284,0.00642541782436822,0.00105903449424958,0.0010236370348168,0.00238970736568295,0.00173416991341264,0.00796156934232319,0.00712570842059282,0.00222174633975907,0.000452575801784678,0.00256890968049619,0.00148415702790098,0.00795893254586889,0.00660192431841598,0.00232467738486189,0.000725020818323468,0.00802617894260708,0.0054448371685307,0.00743730560191015,0.000623183627663031,0.0102931206032493,0.00167738129549723,0.0011984310170231,0.0066305460985788,0.00864118568543657,0.00982212703888266,0.0118864420108313,-6.51458823311597e-05,0.00965272168030783,0.00103703669820004,0.0024231461113153,0.00287933601291776,0.000613818878282093,0.00462149173570229,0.00206916588852453,0.0040071535010721,0.0122793453122711,0.00257401504085513,0.02539412170787,0.00138325389853588,0.0010495435278673,0.00080992518502597,0.00111834012423701,0.0029067146623794,0.00157765957464187,0.00744458509093781,0.0114401304610012,0.00143336085388908,0.000440586128333842,0.00159909820430754,0.000506862730145399,0.00978673137127244,0.00289450874333205,0.00726986303361809,0.00388733031582816,0.00151719804888698,0.00075506083222009,0.00259594746038245,0.00712249129624856,-0.000155572526111649,0.0109802481365322,0.00191326002207032
"Prevotella_sp000163055",0.000286948676718464,0.785675626386168,0.00376486390645292,0.00113865870023638,-0.000726174494031918,0.0101725821290685,0.0084100827188738,-0.000453392560235686,0.00355616948216389,-0.00187986593421764,-0.00283410296207457,-0.00232417101903084,-0.0002720404374589,-0.00273927362059123,-0.000531665343207652,-0.00736073294184153,-0.00601432470204549,-0.000104767919779057,-0.00571623531380905,0.00100785239681496,0.0129636988321317,0.00545178144267649,-0.00451822355175811,0.00311710627890786,-0.00337796342651555,-0.00325651319978387,-0.0028388962743849,-0.00327862305160119,-0.00533869301763836,-0.00278665690189062,-0.00376486390645316,-0.00407991682921244,-0.00283410296207442,0.00454194853991798,-0.00124556573419466,0.00479084448768121,-0.00360285162377404,-0.00221823390077876,-0.00151260966453112,-0.00237251562650775,0.00391217876271979,0.00143222866439116,-0.00356027745610546,-0.0014734677177575,0.0110177108323162,0.00531157562735499,-0.00175009212189721,0.00911672559150689,-0.00315528927157077,-0.002287742288535,0.00138279549733047,-0.00294309626211772,0.000443918877174889,-0.00122025542126268,-0.00162982877382522,-0.00303868941242141,0.00139486631019709,-0.00351615204533789,-0.00729250189215371,0.00521954335757491,-0.0024971236295026,-0.00290229844552358,-0.00417177546057573,-0.00370713362754813,-0.00283410296207463,-0.00330293296566568,-0.00156600110222187,-0.0004091729006937
"Corynebacterium_aurimucosum",0.0164313192920488,0.025693478438753,-0.0117320697899903,0.0404858219356997,0.00940360854385229,0.0128387905948731,0.010627465081943,0.0129076087380546,0.00204171346430842,0.00372142212651178,0.00237279743441299,0.00201383290024718,0.0133719961099895,0.0109724740903636,0.00143664014368314,0.00141683346945918,0.00677503816478256,0.002679142308633,0.0116907430611294,0.00113015226746202,-0.00185892003767775,-4.18097605061965e-05,0.00388263748142855,0.00371140908221913,0.0112949313999972,0.0012393728117572,0.0139867941005087,0.00378371227438621,0.000294637142995208,0.0177490832281165,0.0132275003874368,0.0189774582755787,0.0161300356564841,-0.00165849413469763,0.010891734799478,0.00043366654618846,0.00495845792436348,0.00431648225990515,0.00132219668852336,0.0124362978566239,0.0026294595136558,-0.000202558592421239,0.0148325125847238,0.00299346222184839,0.00637779009941853,0.00247285377009,0.00133804727024295,0.000840768315973897,9.96711980941178e-05,0.00135849061113899,0.00178231578836825,0.010995666651292,0.0100695125691158,0.00149135047187452,-0.0011171889957981,0.00758819318373207,-0.00153325015973014,0.0136561409477707,0.00559437406294426,0.0149914937258962,0.00502862301543923,0.00336610153084848,0.00177846528808807,0.00896315954534646,0.00203979517673186,-0.000403531339546677,0.0146619789949381,0.00220920941609462
"Winkia_neuii",0.00269597930229355,0.704375794722329,-0.00341318974306507,0.00825111907419257,0.000324098270652298,0.00261956701117262,0.00333103463477544,0.00127456227463134,0.00947169961859089,0.00315344870678762,0.00324424962492267,0.0078970598653094,0.00269550724009868,0.00335611567644958,0.00124128033036615,0.00125000532516487,0.00123791246194899,0.00284855816586466,0.00597169076294052,0.00119534029727381,0.00333064879042647,0.00148065053267249,0.00315619045485027,0.000410654439427994,0.00415846694998977,0.000560071730463139,0.00703441442517036,0.00134508998380303,0.000186843398650409,0.000574484826448033,0.00574539356459629,0.00251776468372384,0.0109873033083004,0.000375222519443631,0.00777706182952515,0.00784436112204584,0.00280076717266136,0.00292958273352767,0.00081819459527916,0.00315979520779255,0.010497661990686,0.000246500593437679,0.00317265643651717,0.00403390892519843,0.00140414515371475,0.000293048461108172,0.00119860034999271,0.00048451100994972,0.000995537685103972,0.0040667126421116,0.000345200093208955,0.0032528342053663,0.0147519645539253,0.000809010770692405,0.000532722318089733,0.0030890914724127,0.000906387041635278,0.00326637951262069,0.000481459490516048,0.00227179669843143,0.00466743794389787,0.00292873593471397,0.00042795863251587,0.000449764774211401,0.00311233154232032,0.000653579141983834,0.00920272466664551,0.000481066613096139
"Lactobacillus_amylovorus",0.000355486971584751,0.819472070663857,0.00943556037876785,-0.00677593679305143,-0.00855557089180293,-0.00772296917395351,-0.00922973516838248,-0.00750844156362732,2.38129184410549e-05,0.00664693251943295,0.00281571018382783,0.00868332025146595,-0.00175551129760952,0.0118477038077908,0.00167884908128385,-0.000410909191461659,-0.000493152491515364,-0.000451955435675942,0.00539897160350023,-3.42176928544468e-05,-0.00154098368728347,2.29848129893371e-05,-3.42176928544405e-05,0.00139936539598395,0.0121564891213361,0.000169803263078827,0.00807655606399791,0.00774960262599314,3.14547446748131e-05,0.00709387681942717,0.013497676016808,0.00858650571127623,0.00674449776183305,-0.000886355223186256,0.00106241081467361,3.5263251939337e-05,-9.14201986980776e-05,-0.000432686866971745,0.000427794032618393,-0.000228712857460206,0.00180600895761353,0.00260514468628586,0.00861558053864071,0.00104074583945103,0.00321965113561998,0.00224511014608707,0.00192049556221964,-9.14201986981196e-05,0.000363626028836532,-0.000804674652643838,0.000209057667454651,0.00552405424057426,0.00343283052032415,0.000109242776984404,0.00237604142465089,-0.000879989486965067,-0.00159818619312708,0.012878121956698,0.0135174477436754,1.55528267577812e-05,0.0145991232873054,-0.000765584475277742,0.000334436967645215,-0.000654623008210863,-0.000708381969434051,0.00182888272645386,0.00896537809510978,-0.000343215035062074
"Bifidobacterium",0.000653100140129868,0.704375794722329,-0.00284965529676378,0.0102668860702955,-0.00198234458486915,0.0104407179100442,0.0125438956740467,-0.00229067396062965,-0.00155821541945204,0.00516194593294002,0.00688384680013815,0.00442020625155718,0.00604421020289138,0.00379824632978284,0.00184619258784341,-0.00225800504404573,0.00364430853977334,0.0133870737758295,0.00908823564405142,0.00031281150718195,-0.00371900963702116,7.97371421323975e-05,-0.0034496639355252,-0.000713407923442818,0.00303646396664905,0.000519198341997031,0.00493159825449586,0.0124356366720829,-0.00039665350782474,0.0130423528219255,0.00284965529676357,0.00189052494201157,0.00850625080577739,0.000633751042612231,0.0053249746041318,-0.000429288729171138,-0.00293473007810038,0.00597766200961879,-0.00121758243113243,0.00460075284981181,0.00864948521402155,0.000369180929480237,0.00292373276469548,0.00582906315046065,0.00892606193915139,-0.00341387284094776,0.00428705307394816,-0.00336834871365337,-0.00555090214126696,0.0059933237028655,0.000787712292395897,0.00327705200442298,0.00315688664115758,0.00101265684393651,0.00067460838007669,0.00483199988163259,-0.0014562582654969,0.00272917556081272,-0.00180455907542423,0.00267353627368428,0.00583815847616178,0.00467783519375208,0.0118057126665751,0.0133707484548063,0.00520224869307228,-0.00418993271437294,0.00297583944642278,0.000462494063641365
"Anaerococcus_mediterraneensis",0.00608767641870628,0.126450145014501,0.00547733986354301,0.027694035723264,0.00145561591582746,0.00629370339421299,0.00153915492482294,0.00159466697279135,-0.00113705219637938,-0.00177805721816561,-0.00162780201746842,-0.00361031648999549,0.00957012688409682,-0.0012541866155703,-0.00105148433730796,-0.00412822241721868,-0.00228149841243939,-0.00609948951745029,-0.0015467022255552,-0.00287267431608377,0.000236644470526649,-0.000561704875421742,0.00178530978100242,-0.0011538571514821,-0.00607988447542914,0.00375782647235329,-0.00216062921740085,-0.00402027203411183,-0.00538655170056561,0.0086485891006994,-0.00250470399592963,-0.00493827794575323,0.00380240599768041,0.00732051802575391,0.00210929266836511,0.00451004720938626,-0.000463419976202818,-0.00502343049236326,-0.00107980653506427,-0.000222994533558767,-0.00304425853507266,-0.0030346707528564,-0.00360197457779763,-0.00116442018249162,0.0122088471049113,-0.00322641288061369,-0.00145003764396271,0.00195580634989202,-0.000300333454316052,-0.00134209808477267,0.00334187780658684,-0.00599959454364647,-0.00470144447376189,0.00107150939900268,-0.00572768088394961,-0.00693295577937081,-0.00249408837937584,-0.00558584032408547,-0.00238209883887432,0.010777252750203,0.00163947685457871,0.0131397072731539,-6.36141421635988e-05,-0.0021245568225941,-0.00225858317469085,-0.00349792808621334,-0.00127506904879277,0.00156676404030956
"Streptococcus_oralis",0.00151175784964069,0.704375794722329,0.00103071595473593,0.0153246020036875,0.00427181671005441,0.000783958652624769,-0.000192963771628293,0.000732885229878126,0.000604538647580962,0.00626560635237605,-0.00278581594029954,0.00846237488777841,0.0121823701796801,-0.00131532554195264,0.000548458704073077,0.00991872997221005,0.000925062596506243,0.00666919906655601,0.010142246439505,-0.000124220671769459,-0.000685371630383656,0.00297175368168459,0.000506919242674568,0.000120156505454367,-0.000214713226956523,0.000517642790608797,0.00087639114493295,-0.000668480834240455,0.000266447953005689,0.00738733441735279,-0.0010307159547362,-0.000967166740303898,0.00121592893039838,-0.000760031377564811,-0.00228985860488162,0.0100855345600608,0.00313326722174351,-0.00108876353085916,-4.73421288888308e-05,0.00887846928014387,0.00197895280430799,0.00571994935688719,0.00850438796164362,0.00628624518204902,0.00395476085375999,0.0053538144712098,0.00201852974745411,0.00289473898194095,0.00450379578031474,-0.000136976321392895,-0.000270168341590822,-0.00122045567954716,-0.000773074165246392,0.00146750725533607,-0.000705601361756204,-0.00214308063423629,-0.00119476050682527,-0.000462543203717586,0.00548990344623235,0.00414352842971501,0.00828192914396702,-0.00549227238960165,0.0007562553119927,-0.000688795656694353,-0.00316106860562138,0.000495847980307856,0.00600443309223608,0.000569219174433389
"Fusobacterium_gonidiaformans",0.00152145084684975,0.790732406573991,0.00348088633166222,-9.73436351740491e-17,-0.000606412404595113,0.000182529911170519,-0.000271735691937731,-0.000696210463160417,-0.00311801977430447,0.000448723932584092,-0.00294182247099115,-0.00294329383214712,0.00105985472995517,-0.00354823487558624,-0.00281816098772789,-0.00339006558442559,-0.00244601475725169,-0.00278763201711131,-0.00172788288336558,-0.00280201515196092,-0.00254506390921563,-0.00267308667333059,-0.00244082637604076,-0.00127543218236606,-0.00354823487558625,-0.00316072916265115,-0.00336854692202918,-0.00235508729800996,-0.00301935744589112,-0.00249411889843389,-0.00348088633166226,-0.00311846730430413,-0.00294182247099113,-0.00336355576178234,0.000672867571722803,0.000560010135312414,-0.000708588750610577,-0.00309342557213994,-0.00327649918364853,-0.00294182247099115,-0.00310916082731986,-0.000869783168770705,-0.00354823487558616,-0.00294182247099114,-0.000294269980575696,-0.00276638206270277,-0.00302980460775836,-0.00307632270823338,-0.0024774858758281,-0.00163223607241287,-0.00248808412252464,-0.00352578536094492,-0.00314195999946476,-0.00327649918364853,-0.000248778991224694,-0.00287447392706715,-0.00370831527211543,-0.00354823487558623,-0.00322511629992972,-0.00237691497949322,-0.00291937295634982,-0.00291937295634982,-0.00329361836448168,-0.00361719838597971,-0.00294182247099116,-0.00334215843956928,-0.00357068439022758,0.000134697087848015
"Lactobacillus_johnsonii",9.12879669570696e-07,0.980266683384756,0.00525976046337127,0.00909701416706029,0.00305050385382494,-0.000889199401833373,0.00213461459436816,0.00527994795868958,-0.00441976590709136,0.0136025727621273,0.00204700153188024,-0.00221833492148449,-0.00644104357763242,-0.00151741011477633,-0.00386174548093655,0.00863209308967485,0.00721989616829368,0.00599314636374327,-0.00555963087579641,-0.00473035054851382,0.00101334232841207,-0.00278469185934577,-0.00220692019271557,-0.00226323275636699,-0.00204856573450045,-0.00353652502946682,0.00176231725938638,0.00137893145844318,-0.00242802045256489,0.00518322398484916,-0.00330089349488432,-0.00319304932700206,0.000474657706638269,-0.000914217622052676,0.00553081463455743,-0.00411490778956997,-0.00609646081951985,-0.000127936840942385,0.00147946397311505,-0.00247692208248217,0.00140471338775106,-0.000775826465931311,0.0112157112384117,0.00593206882166174,-0.00247806608871552,0.0061609346686697,0.000601040428943226,-0.00420563326970585,-0.00468830082426651,-0.00108942946381086,-0.00513236297924441,-0.00300667045909316,0.00249202938304918,-0.00395919226202792,-0.000931971290746793,-0.00500650725580243,0.00876508840179739,-0.00284331447731871,-0.00298683275659509,-0.00355445731894184,0.00864101885703857,-0.000490431170838518,0.00277570340666268,-0.00226439899571648,-0.00145806128090331,-8.62145179496353e-06,-0.00256323806875535,-6.31067590617867e-05
"Corynebacterium_minutissimum",0.0131062453325739,0.126450145014501,-0.00445906159238614,0.0257860637585059,0.00350121527138618,0.0056651783418112,0.00369973191970547,0.0139154843813434,0.0018989717291985,0.00144445699765437,0.000876445148443933,0.00111299065610353,0.00132686693844813,0.00400422995316145,0.000596481994076258,0.00138827194897835,0.00464280325247846,0.000740534254087685,0.00687767219856206,0.000924328019624514,-0.00153662630175354,-3.06345696544082e-05,0.00152729907833685,0.00232901406030833,0.00379826859356879,0.000821174562766552,0.00489372268174541,0.000636997814570886,0.000196803424569081,0.0131541082999822,0.00445906159238597,0.00954404802452271,0.00934957323373672,-0.00147408481657934,0.0124078371496308,0.00105146565251858,0.00518536655572514,0.00222885800448703,0.000482394576200072,0.0115377004786788,0.0015274738676558,-4.93040213867704e-05,0.00572075762246595,0.00388372238633579,0.00453700022229859,0.00218803223817522,0.000979675113880167,0.000639300872468293,2.97766990021906e-05,6.37106705034934e-05,0.00133625177185128,0.00395284181059896,0.00277479893977903,0.000654206744555724,-0.00147408481657935,0.000957846320999874,-0.0015453916742499,0.00506115941171629,0.00670339137361673,0.0133871234998836,0.00435588723027454,0.000699030502712612,0.000979778946579811,0.00257045349088214,0.000352146475270134,-0.000610888343094264,0.00751207731340843,0.00151865934536139
